"date","Agegroup","Male","Female"
2024-02-08,"<1y",45,51
2024-02-08,"1-4y",451,365
2024-02-08,"5-9y",402,295
2024-02-08,"10-14y",220,142
2024-02-08,"15-19y",114,127
2024-02-08,"20-29y",365,280
2024-02-08,"30-39y",342,263
2024-02-08,"40-49y",270,181
2024-02-08,"50-59y",159,156
2024-02-08,"60-69y",120,114
2024-02-08,"70-79y",55,58
2024-02-08,"80y+",22,29
2024-01-26,"<1y",45,51
2024-01-26,"1-4y",451,365
2024-01-26,"5-9y",402,295
2024-01-26,"10-14y",220,142
2024-01-26,"15-19y",114,127
2024-01-26,"20-29y",365,280
2024-01-26,"30-39y",342,263
2024-01-26,"40-49y",270,181
2024-01-26,"50-59y",159,156
2024-01-26,"60-69y",120,114
2024-01-26,"70-79y",55,58
2024-01-26,"80y+",22,29
2024-01-12,"<1y",45,51
2024-01-12,"1-4y",451,365
2024-01-12,"5-9y",402,295
2024-01-12,"10-14y",220,142
2024-01-12,"15-19y",114,127
2024-01-12,"20-29y",365,280
2024-01-12,"30-39y",342,263
2024-01-12,"40-49y",270,181
2024-01-12,"50-59y",159,156
2024-01-12,"60-69y",120,114
2024-01-12,"70-79y",55,58
2024-01-12,"80y+",22,29
2024-01-02,"<1y",45,51
2024-01-02,"1-4y",451,365
2024-01-02,"5-9y",402,295
2024-01-02,"10-14y",220,142
2024-01-02,"15-19y",114,127
2024-01-02,"20-29y",365,280
2024-01-02,"30-39y",342,263
2024-01-02,"40-49y",270,181
2024-01-02,"50-59y",159,156
2024-01-02,"60-69y",120,114
2024-01-02,"70-79y",55,58
2024-01-02,"80y+",22,29
2023-12-19,"<1y",45,50
2023-12-19,"1-4y",442,358
2023-12-19,"5-9y",392,293
2023-12-19,"10-14y",213,139
2023-12-19,"15-19y",111,124
2023-12-19,"20-29y",357,275
2023-12-19,"30-39y",333,259
2023-12-19,"40-49y",264,175
2023-12-19,"50-59y",157,154
2023-12-19,"60-69y",116,108
2023-12-19,"70-79y",53,57
2023-12-19,"80y+",20,29
2023-12-11,"<1y",45,49
2023-12-11,"1-4y",439,357
2023-12-11,"5-9y",382,291
2023-12-11,"10-14y",210,138
2023-12-11,"15-19y",111,123
2023-12-11,"20-29y",353,269
2023-12-11,"30-39y",330,256
2023-12-11,"40-49y",262,173
2023-12-11,"50-59y",156,151
2023-12-11,"60-69y",115,108
2023-12-11,"70-79y",52,56
2023-12-11,"80y+",20,27
2023-11-20,"<1y",44,47
2023-11-20,"1-4y",428,340
2023-11-20,"5-9y",365,281
2023-11-20,"10-14y",196,129
2023-11-20,"15-19y",103,113
2023-11-20,"20-29y",344,258
2023-11-20,"30-39y",318,245
2023-11-20,"40-49y",250,158
2023-11-20,"50-59y",153,136
2023-11-20,"60-69y",108,103
2023-11-20,"70-79y",45,50
2023-11-20,"80y+",18,26
2023-11-11,"<1y",42,47
2023-11-11,"1-4y",17,337
2023-11-11,"5-9y",358,273
2023-11-11,"10-14y",191,125
2023-11-11,"15-19y",102,109
2023-11-11,"20-29y",338,253
2023-11-11,"30-39y",13,240
2023-11-11,"40-49y",243,151
2023-11-11,"50-59y",151,133
2023-11-11,"60-69y",107,101
2023-11-11,"70-79y",44,45
2023-11-11,"80y+",17,25
2023-10-31,"<1y",39,46
2023-10-31,"1-4y",412,330
2023-10-31,"5-9y",352,269
2023-10-31,"10-14y",187,124
2023-10-31,"15-19y",99,8
2023-10-31,"20-29y",330,249
2023-10-31,"30-39y",305,239
2023-10-31,"40-49y",239,148
2023-10-31,"50-59y",149,131
2023-10-31,"60-69y",104,99
2023-10-31,"70-79y",41,45
2023-10-31,"80y+",17,25
2023-10-22,"<1y",38,46
2023-10-22,"1-4y",408,327
2023-10-22,"5-9y",349,264
2023-10-22,"10-14y",181,122
2023-10-22,"15-19y",96,104
2023-10-22,"20-29y",324,240
2023-10-22,"30-39y",295,234
2023-10-22,"40-49y",238,146
2023-10-22,"50-59y",145,131
2023-10-22,"60-69y",97,98
2023-10-22,"70-79y",41,45
2023-10-22,"80y+",15,22
2023-10-08,"<1y",37,46
2023-10-08,"1-4y",406,325
2023-10-08,"5-9y",344,262
2023-10-08,"10-14y",180,118
2023-10-08,"15-19y",96,104
2023-10-08,"20-29y",322,237
2023-10-08,"30-39y",293,234
2023-10-08,"40-49y",235,142
2023-10-08,"50-59y",144,131
2023-10-08,"60-69y",95,96
2023-10-08,"70-79y",41,43
2023-10-08,"80y+",15,22
2023-10-05,"<1y",37,46
2023-10-05,"1-4y",4,323
2023-10-05,"5-9y",344,262
2023-10-05,"10-14y",180,117
2023-10-05,"15-19y",96,104
2023-10-05,"20-29y",322,235
2023-10-05,"30-39y",287,234
2023-10-05,"40-49y",235,142
2023-10-05,"50-59y",144,131
2023-10-05,"60-69y",95,96
2023-10-05,"70-79y",41,43
2023-10-05,"80y+",15,22
2023-10-03,"<1y",37,45
2023-10-03,"1-4y",403,323
2023-10-03,"5-9y",344,261
2023-10-03,"10-14y",180,117
2023-10-03,"15-19y",96,103
2023-10-03,"20-29y",321,235
2023-10-03,"30-39y",286,233
2023-10-03,"40-49y",235,142
2023-10-03,"50-59y",144,130
2023-10-03,"60-69y",95,96
2023-10-03,"70-79y",41,43
2023-10-03,"80y+",15,22
2023-09-30,"<1y",37,45
2023-09-30,"1-4y",403,322
2023-09-30,"5-9y",343,259
2023-09-30,"10-14y",180,116
2023-09-30,"15-19y",93,103
2023-09-30,"20-29y",320,235
2023-09-30,"30-39y",285,232
2023-09-30,"40-49y",234,139
2023-09-30,"50-59y",141,128
2023-09-30,"60-69y",95,95
2023-09-30,"70-79y",41,43
2023-09-30,"80y+",15,22
2023-09-20,"<1y",37,45
2023-09-20,"1-4y",399,322
2023-09-20,"5-9y",340,255
2023-09-20,"10-14y",176,116
2023-09-20,"15-19y",92,102
2023-09-20,"20-29y",315,231
2023-09-20,"30-39y",281,230
2023-09-20,"40-49y",232,139
2023-09-20,"50-59y",139,126
2023-09-20,"60-69y",95,94
2023-09-20,"70-79y",40,43
2023-09-20,"80y+",15,22
2023-09-07,"<1y",37,45
2023-09-07,"1-4y",399,321
2023-09-07,"5-9y",340,253
2023-09-07,"10-14y",176,116
2023-09-07,"15-19y",92,102
2023-09-07,"20-29y",315,228
2023-09-07,"30-39y",280,228
2023-09-07,"40-49y",229,136
2023-09-07,"50-59y",138,125
2023-09-07,"60-69y",95,92
2023-09-07,"70-79y",39,43
2023-09-07,"80y+",15,22
2023-08-23,"<1y",37,43
2023-08-23,"1-4y",387,317
2023-08-23,"5-9y",337,246
2023-08-23,"10-14y",175,113
2023-08-23,"15-19y",92,99
2023-08-23,"20-29y",310,222
2023-08-23,"30-39y",273,220
2023-08-23,"40-49y",227,133
2023-08-23,"50-59y",136,125
2023-08-23,"60-69y",92,87
2023-08-23,"70-79y",37,42
2023-08-23,"80y+",15,22
2023-08-22,"<1y",37,43
2023-08-22,"1-4y",387,317
2023-08-22,"5-9y",337,246
2023-08-22,"10-14y",175,113
2023-08-22,"15-19y",92,99
2023-08-22,"20-29y",310,222
2023-08-22,"30-39y",273,220
2023-08-22,"40-49y",227,133
2023-08-22,"50-59y",136,125
2023-08-22,"60-69y",92,87
2023-08-22,"70-79y",37,42
2023-08-22,"80y+",15,22
2023-08-21,"<1y",37,43
2023-08-21,"1-4y",387,317
2023-08-21,"5-9y",337,246
2023-08-21,"10-14y",175,113
2023-08-21,"15-19y",92,99
2023-08-21,"20-29y",310,222
2023-08-21,"30-39y",273,220
2023-08-21,"40-49y",227,133
2023-08-21,"50-59y",136,125
2023-08-21,"60-69y",92,87
2023-08-21,"70-79y",37,42
2023-08-21,"80y+",15,22
2023-08-20,"<1y",37,43
2023-08-20,"1-4y",387,317
2023-08-20,"5-9y",337,246
2023-08-20,"10-14y",175,113
2023-08-20,"15-19y",92,99
2023-08-20,"20-29y",310,222
2023-08-20,"30-39y",273,220
2023-08-20,"40-49y",227,133
2023-08-20,"50-59y",136,125
2023-08-20,"60-69y",92,87
2023-08-20,"70-79y",37,42
2023-08-20,"80y+",15,22
2023-08-19,"<1y",37,43
2023-08-19,"1-4y",387,317
2023-08-19,"5-9y",337,246
2023-08-19,"10-14y",175,113
2023-08-19,"15-19y",92,99
2023-08-19,"20-29y",310,222
2023-08-19,"30-39y",273,220
2023-08-19,"40-49y",227,133
2023-08-19,"50-59y",136,125
2023-08-19,"60-69y",92,87
2023-08-19,"70-79y",37,42
2023-08-19,"80y+",15,22
2023-08-18,"<1y",37,43
2023-08-18,"1-4y",379,312
2023-08-18,"5-9y",328,239
2023-08-18,"10-14y",166,110
2023-08-18,"15-19y",90,96
2023-08-18,"20-29y",301,216
2023-08-18,"30-39y",266,215
2023-08-18,"40-49y",221,128
2023-08-18,"50-59y",132,123
2023-08-18,"60-69y",90,84
2023-08-18,"70-79y",36,41
2023-08-18,"80y+",15,21
2023-08-17,"<1y",37,43
2023-08-17,"1-4y",379,312
2023-08-17,"5-9y",328,239
2023-08-17,"10-14y",166,110
2023-08-17,"15-19y",90,96
2023-08-17,"20-29y",301,216
2023-08-17,"30-39y",266,215
2023-08-17,"40-49y",221,128
2023-08-17,"50-59y",132,123
2023-08-17,"60-69y",90,84
2023-08-17,"70-79y",36,41
2023-08-17,"80y+",15,21
2023-08-16,"<1y",37,43
2023-08-16,"1-4y",379,312
2023-08-16,"5-9y",328,239
2023-08-16,"10-14y",166,110
2023-08-16,"15-19y",90,96
2023-08-16,"20-29y",301,216
2023-08-16,"30-39y",266,215
2023-08-16,"40-49y",221,128
2023-08-16,"50-59y",132,123
2023-08-16,"60-69y",90,84
2023-08-16,"70-79y",36,41
2023-08-16,"80y+",15,21
2023-08-15,"<1y",37,43
2023-08-15,"1-4y",379,312
2023-08-15,"5-9y",328,239
2023-08-15,"10-14y",166,110
2023-08-15,"15-19y",90,96
2023-08-15,"20-29y",301,216
2023-08-15,"30-39y",266,215
2023-08-15,"40-49y",221,128
2023-08-15,"50-59y",132,123
2023-08-15,"60-69y",90,84
2023-08-15,"70-79y",36,41
2023-08-15,"80y+",15,21
2023-08-14,"<1y",37,43
2023-08-14,"1-4y",379,312
2023-08-14,"5-9y",328,239
2023-08-14,"10-14y",166,110
2023-08-14,"15-19y",90,96
2023-08-14,"20-29y",301,216
2023-08-14,"30-39y",266,215
2023-08-14,"40-49y",221,128
2023-08-14,"50-59y",132,123
2023-08-14,"60-69y",90,84
2023-08-14,"70-79y",36,41
2023-08-14,"80y+",15,21
2023-08-13,"<1y",37,43
2023-08-13,"1-4y",379,312
2023-08-13,"5-9y",328,239
2023-08-13,"10-14y",166,110
2023-08-13,"15-19y",90,96
2023-08-13,"20-29y",301,216
2023-08-13,"30-39y",266,215
2023-08-13,"40-49y",221,128
2023-08-13,"50-59y",132,123
2023-08-13,"60-69y",90,84
2023-08-13,"70-79y",36,41
2023-08-13,"80y+",15,21
2023-08-12,"<1y",37,43
2023-08-12,"1-4y",379,312
2023-08-12,"5-9y",328,239
2023-08-12,"10-14y",166,110
2023-08-12,"15-19y",90,96
2023-08-12,"20-29y",301,216
2023-08-12,"30-39y",266,215
2023-08-12,"40-49y",221,128
2023-08-12,"50-59y",132,123
2023-08-12,"60-69y",90,84
2023-08-12,"70-79y",36,41
2023-08-12,"80y+",15,21
2023-08-11,"<1y",37,43
2023-08-11,"1-4y",379,312
2023-08-11,"5-9y",328,239
2023-08-11,"10-14y",166,110
2023-08-11,"15-19y",90,96
2023-08-11,"20-29y",301,216
2023-08-11,"30-39y",266,215
2023-08-11,"40-49y",221,128
2023-08-11,"50-59y",132,123
2023-08-11,"60-69y",90,84
2023-08-11,"70-79y",36,41
2023-08-11,"80y+",15,21
2023-08-10,"<1y",37,43
2023-08-10,"1-4y",379,312
2023-08-10,"5-9y",328,239
2023-08-10,"10-14y",166,110
2023-08-10,"15-19y",90,96
2023-08-10,"20-29y",301,216
2023-08-10,"30-39y",266,215
2023-08-10,"40-49y",221,128
2023-08-10,"50-59y",132,123
2023-08-10,"60-69y",90,84
2023-08-10,"70-79y",36,41
2023-08-10,"80y+",15,21
2023-08-09,"<1y",37,43
2023-08-09,"1-4y",379,312
2023-08-09,"5-9y",328,239
2023-08-09,"10-14y",166,110
2023-08-09,"15-19y",90,96
2023-08-09,"20-29y",301,216
2023-08-09,"30-39y",266,215
2023-08-09,"40-49y",221,128
2023-08-09,"50-59y",132,123
2023-08-09,"60-69y",90,84
2023-08-09,"70-79y",36,41
2023-08-09,"80y+",15,21
2023-08-08,"<1y",37,43
2023-08-08,"1-4y",379,312
2023-08-08,"5-9y",328,239
2023-08-08,"10-14y",166,110
2023-08-08,"15-19y",90,96
2023-08-08,"20-29y",301,216
2023-08-08,"30-39y",266,215
2023-08-08,"40-49y",221,128
2023-08-08,"50-59y",132,123
2023-08-08,"60-69y",90,84
2023-08-08,"70-79y",36,41
2023-08-08,"80y+",15,21
2023-08-07,"<1y",37,43
2023-08-07,"1-4y",379,312
2023-08-07,"5-9y",328,239
2023-08-07,"10-14y",166,110
2023-08-07,"15-19y",90,96
2023-08-07,"20-29y",301,216
2023-08-07,"30-39y",266,215
2023-08-07,"40-49y",221,128
2023-08-07,"50-59y",132,123
2023-08-07,"60-69y",90,84
2023-08-07,"70-79y",36,41
2023-08-07,"80y+",15,21
2023-08-06,"<1y",37,43
2023-08-06,"1-4y",376,305
2023-08-06,"5-9y",321,235
2023-08-06,"10-14y",164,108
2023-08-06,"15-19y",87,91
2023-08-06,"20-29y",297,210
2023-08-06,"30-39y",258,212
2023-08-06,"40-49y",215,126
2023-08-06,"50-59y",127,120
2023-08-06,"60-69y",87,81
2023-08-06,"70-79y",34,39
2023-08-06,"80y+",15,21
2023-08-05,"<1y",37,43
2023-08-05,"1-4y",376,305
2023-08-05,"5-9y",321,235
2023-08-05,"10-14y",164,108
2023-08-05,"15-19y",87,91
2023-08-05,"20-29y",297,210
2023-08-05,"30-39y",258,212
2023-08-05,"40-49y",215,126
2023-08-05,"50-59y",127,120
2023-08-05,"60-69y",87,81
2023-08-05,"70-79y",34,39
2023-08-05,"80y+",15,21
2023-08-04,"<1y",37,43
2023-08-04,"1-4y",376,305
2023-08-04,"5-9y",321,235
2023-08-04,"10-14y",164,108
2023-08-04,"15-19y",87,91
2023-08-04,"20-29y",297,210
2023-08-04,"30-39y",258,212
2023-08-04,"40-49y",215,126
2023-08-04,"50-59y",127,120
2023-08-04,"60-69y",87,81
2023-08-04,"70-79y",34,39
2023-08-04,"80y+",15,21
2023-08-03,"<1y",37,43
2023-08-03,"1-4y",376,305
2023-08-03,"5-9y",321,235
2023-08-03,"10-14y",164,108
2023-08-03,"15-19y",87,91
2023-08-03,"20-29y",297,210
2023-08-03,"30-39y",258,212
2023-08-03,"40-49y",215,126
2023-08-03,"50-59y",127,120
2023-08-03,"60-69y",87,81
2023-08-03,"70-79y",34,39
2023-08-03,"80y+",15,21
2023-08-02,"<1y",37,43
2023-08-02,"1-4y",376,305
2023-08-02,"5-9y",321,235
2023-08-02,"10-14y",164,108
2023-08-02,"15-19y",87,91
2023-08-02,"20-29y",297,210
2023-08-02,"30-39y",258,212
2023-08-02,"40-49y",215,126
2023-08-02,"50-59y",127,120
2023-08-02,"60-69y",87,81
2023-08-02,"70-79y",34,39
2023-08-02,"80y+",15,21
2023-08-01,"<1y",37,43
2023-08-01,"1-4y",376,305
2023-08-01,"5-9y",321,235
2023-08-01,"10-14y",164,108
2023-08-01,"15-19y",87,91
2023-08-01,"20-29y",297,210
2023-08-01,"30-39y",258,212
2023-08-01,"40-49y",215,126
2023-08-01,"50-59y",127,120
2023-08-01,"60-69y",87,81
2023-08-01,"70-79y",34,39
2023-08-01,"80y+",15,21
2023-07-31,"<1y",37,43
2023-07-31,"1-4y",376,305
2023-07-31,"5-9y",321,235
2023-07-31,"10-14y",164,108
2023-07-31,"15-19y",87,91
2023-07-31,"20-29y",297,210
2023-07-31,"30-39y",258,212
2023-07-31,"40-49y",215,126
2023-07-31,"50-59y",127,120
2023-07-31,"60-69y",87,81
2023-07-31,"70-79y",34,39
2023-07-31,"80y+",15,21
2023-07-30,"<1y",37,43
2023-07-30,"1-4y",376,305
2023-07-30,"5-9y",321,235
2023-07-30,"10-14y",164,108
2023-07-30,"15-19y",87,91
2023-07-30,"20-29y",297,210
2023-07-30,"30-39y",258,212
2023-07-30,"40-49y",215,126
2023-07-30,"50-59y",127,120
2023-07-30,"60-69y",87,81
2023-07-30,"70-79y",34,39
2023-07-30,"80y+",15,21
2023-07-29,"<1y",37,43
2023-07-29,"1-4y",376,305
2023-07-29,"5-9y",321,235
2023-07-29,"10-14y",164,108
2023-07-29,"15-19y",87,91
2023-07-29,"20-29y",297,210
2023-07-29,"30-39y",258,212
2023-07-29,"40-49y",215,126
2023-07-29,"50-59y",127,120
2023-07-29,"60-69y",87,81
2023-07-29,"70-79y",34,39
2023-07-29,"80y+",15,21
2023-07-28,"<1y",37,43
2023-07-28,"1-4y",376,305
2023-07-28,"5-9y",321,235
2023-07-28,"10-14y",164,108
2023-07-28,"15-19y",87,91
2023-07-28,"20-29y",297,210
2023-07-28,"30-39y",258,212
2023-07-28,"40-49y",215,126
2023-07-28,"50-59y",127,120
2023-07-28,"60-69y",87,81
2023-07-28,"70-79y",34,39
2023-07-28,"80y+",15,21
2023-07-27,"<1y",37,42
2023-07-27,"1-4y",370,299
2023-07-27,"5-9y",309,228
2023-07-27,"10-14y",204,127
2023-07-27,"15-19y",86,90
2023-07-27,"20-29y",284,205
2023-07-27,"30-39y",246,204
2023-07-27,"40-49y",207,126
2023-07-27,"50-59y",124,118
2023-07-27,"60-69y",86,78
2023-07-27,"70-79y",33,38
2023-07-27,"80y+",15,21
2023-07-26,"<1y",37,42
2023-07-26,"1-4y",370,299
2023-07-26,"5-9y",309,228
2023-07-26,"10-14y",204,127
2023-07-26,"15-19y",86,90
2023-07-26,"20-29y",284,205
2023-07-26,"30-39y",246,204
2023-07-26,"40-49y",207,126
2023-07-26,"50-59y",124,118
2023-07-26,"60-69y",86,78
2023-07-26,"70-79y",33,38
2023-07-26,"80y+",15,21
2023-07-25,"<1y",37,42
2023-07-25,"1-4y",370,299
2023-07-25,"5-9y",309,228
2023-07-25,"10-14y",204,127
2023-07-25,"15-19y",86,90
2023-07-25,"20-29y",284,205
2023-07-25,"30-39y",246,204
2023-07-25,"40-49y",207,126
2023-07-25,"50-59y",124,118
2023-07-25,"60-69y",86,78
2023-07-25,"70-79y",33,38
2023-07-25,"80y+",15,21
2023-07-24,"<1y",37,42
2023-07-24,"1-4y",370,299
2023-07-24,"5-9y",309,228
2023-07-24,"10-14y",160,107
2023-07-24,"15-19y",86,90
2023-07-24,"20-29y",284,205
2023-07-24,"30-39y",246,204
2023-07-24,"40-49y",207,126
2023-07-24,"50-59y",124,118
2023-07-24,"60-69y",86,78
2023-07-24,"70-79y",33,38
2023-07-24,"80y+",15,21
2023-07-23,"<1y",37,42
2023-07-23,"1-4y",370,299
2023-07-23,"5-9y",309,228
2023-07-23,"10-14y",160,107
2023-07-23,"15-19y",86,90
2023-07-23,"20-29y",284,205
2023-07-23,"30-39y",246,204
2023-07-23,"40-49y",207,126
2023-07-23,"50-59y",124,118
2023-07-23,"60-69y",86,78
2023-07-23,"70-79y",33,38
2023-07-23,"80y+",15,21
2023-07-22,"<1y",37,42
2023-07-22,"1-4y",370,299
2023-07-22,"5-9y",309,228
2023-07-22,"10-14y",160,107
2023-07-22,"15-19y",86,90
2023-07-22,"20-29y",284,205
2023-07-22,"30-39y",246,204
2023-07-22,"40-49y",207,126
2023-07-22,"50-59y",124,118
2023-07-22,"60-69y",86,78
2023-07-22,"70-79y",33,38
2023-07-22,"80y+",15,21
2023-07-21,"<1y",37,42
2023-07-21,"1-4y",370,299
2023-07-21,"5-9y",309,228
2023-07-21,"10-14y",160,107
2023-07-21,"15-19y",86,90
2023-07-21,"20-29y",284,205
2023-07-21,"30-39y",246,204
2023-07-21,"40-49y",207,126
2023-07-21,"50-59y",124,118
2023-07-21,"60-69y",86,78
2023-07-21,"70-79y",33,38
2023-07-21,"80y+",15,21
2023-07-20,"<1y",37,42
2023-07-20,"1-4y",370,299
2023-07-20,"5-9y",309,228
2023-07-20,"10-14y",160,107
2023-07-20,"15-19y",86,90
2023-07-20,"20-29y",284,205
2023-07-20,"30-39y",246,204
2023-07-20,"40-49y",207,126
2023-07-20,"50-59y",124,118
2023-07-20,"60-69y",86,78
2023-07-20,"70-79y",33,38
2023-07-20,"80y+",15,21
2023-07-19,"<1y",37,42
2023-07-19,"1-4y",370,299
2023-07-19,"5-9y",309,228
2023-07-19,"10-14y",160,107
2023-07-19,"15-19y",86,90
2023-07-19,"20-29y",284,205
2023-07-19,"30-39y",246,204
2023-07-19,"40-49y",207,126
2023-07-19,"50-59y",124,118
2023-07-19,"60-69y",86,78
2023-07-19,"70-79y",33,38
2023-07-19,"80y+",15,21
2023-07-18,"<1y",37,42
2023-07-18,"1-4y",370,299
2023-07-18,"5-9y",309,228
2023-07-18,"10-14y",160,107
2023-07-18,"15-19y",86,90
2023-07-18,"20-29y",284,205
2023-07-18,"30-39y",246,204
2023-07-18,"40-49y",207,126
2023-07-18,"50-59y",124,118
2023-07-18,"60-69y",86,78
2023-07-18,"70-79y",33,38
2023-07-18,"80y+",15,21
2023-07-17,"<1y",37,41
2023-07-17,"1-4y",364,294
2023-07-17,"5-9y",306,226
2023-07-17,"10-14y",150,104
2023-07-17,"15-19y",85,90
2023-07-17,"20-29y",280,200
2023-07-17,"30-39y",241,203
2023-07-17,"40-49y",199,123
2023-07-17,"50-59y",121,117
2023-07-17,"60-69y",86,78
2023-07-17,"70-79y",31,33
2023-07-17,"80y+",14,20
2023-07-16,"<1y",37,41
2023-07-16,"1-4y",364,294
2023-07-16,"5-9y",306,226
2023-07-16,"10-14y",150,104
2023-07-16,"15-19y",85,90
2023-07-16,"20-29y",280,200
2023-07-16,"30-39y",241,203
2023-07-16,"40-49y",199,123
2023-07-16,"50-59y",121,117
2023-07-16,"60-69y",86,78
2023-07-16,"70-79y",31,33
2023-07-16,"80y+",14,20
2023-07-15,"<1y",37,41
2023-07-15,"1-4y",364,294
2023-07-15,"5-9y",306,226
2023-07-15,"10-14y",150,104
2023-07-15,"15-19y",85,90
2023-07-15,"20-29y",280,200
2023-07-15,"30-39y",241,203
2023-07-15,"40-49y",199,123
2023-07-15,"50-59y",121,117
2023-07-15,"60-69y",86,78
2023-07-15,"70-79y",31,33
2023-07-15,"80y+",14,20
2023-07-14,"<1y",37,41
2023-07-14,"1-4y",364,294
2023-07-14,"5-9y",306,226
2023-07-14,"10-14y",150,104
2023-07-14,"15-19y",85,90
2023-07-14,"20-29y",280,200
2023-07-14,"30-39y",241,203
2023-07-14,"40-49y",199,123
2023-07-14,"50-59y",121,117
2023-07-14,"60-69y",86,78
2023-07-14,"70-79y",31,33
2023-07-14,"80y+",14,20
2023-07-13,"<1y",37,41
2023-07-13,"1-4y",364,294
2023-07-13,"5-9y",306,226
2023-07-13,"10-14y",150,104
2023-07-13,"15-19y",85,90
2023-07-13,"20-29y",280,200
2023-07-13,"30-39y",241,203
2023-07-13,"40-49y",199,123
2023-07-13,"50-59y",121,117
2023-07-13,"60-69y",86,78
2023-07-13,"70-79y",31,33
2023-07-13,"80y+",14,20
2023-07-12,"<1y",37,41
2023-07-12,"1-4y",364,294
2023-07-12,"5-9y",306,226
2023-07-12,"10-14y",150,104
2023-07-12,"15-19y",85,90
2023-07-12,"20-29y",280,200
2023-07-12,"30-39y",241,203
2023-07-12,"40-49y",199,123
2023-07-12,"50-59y",121,117
2023-07-12,"60-69y",86,78
2023-07-12,"70-79y",31,33
2023-07-12,"80y+",14,20
2023-07-11,"<1y",37,41
2023-07-11,"1-4y",364,294
2023-07-11,"5-9y",306,226
2023-07-11,"10-14y",150,104
2023-07-11,"15-19y",85,90
2023-07-11,"20-29y",280,200
2023-07-11,"30-39y",241,203
2023-07-11,"40-49y",199,123
2023-07-11,"50-59y",121,117
2023-07-11,"60-69y",86,78
2023-07-11,"70-79y",31,33
2023-07-11,"80y+",14,20
2023-07-10,"<1y",37,41
2023-07-10,"1-4y",364,294
2023-07-10,"5-9y",306,226
2023-07-10,"10-14y",150,104
2023-07-10,"15-19y",85,90
2023-07-10,"20-29y",280,200
2023-07-10,"30-39y",241,203
2023-07-10,"40-49y",199,123
2023-07-10,"50-59y",121,117
2023-07-10,"60-69y",86,78
2023-07-10,"70-79y",31,33
2023-07-10,"80y+",14,20
2023-07-09,"<1y",35,40
2023-07-09,"1-4y",358,292
2023-07-09,"5-9y",300,224
2023-07-09,"10-14y",148,99
2023-07-09,"15-19y",80,87
2023-07-09,"20-29y",274,195
2023-07-09,"30-39y",237,198
2023-07-09,"40-49y",190,122
2023-07-09,"50-59y",120,116
2023-07-09,"60-69y",120,75
2023-07-09,"70-79y",86,32
2023-07-09,"80y+",31,20
2023-07-08,"<1y",35,40
2023-07-08,"1-4y",358,292
2023-07-08,"5-9y",300,224
2023-07-08,"10-14y",148,99
2023-07-08,"15-19y",80,87
2023-07-08,"20-29y",274,195
2023-07-08,"30-39y",237,198
2023-07-08,"40-49y",190,122
2023-07-08,"50-59y",120,116
2023-07-08,"60-69y",120,75
2023-07-08,"70-79y",86,32
2023-07-08,"80y+",31,20
2023-07-07,"<1y",35,40
2023-07-07,"1-4y",358,292
2023-07-07,"5-9y",300,224
2023-07-07,"10-14y",148,99
2023-07-07,"15-19y",80,87
2023-07-07,"20-29y",274,195
2023-07-07,"30-39y",237,198
2023-07-07,"40-49y",190,122
2023-07-07,"50-59y",120,116
2023-07-07,"60-69y",120,75
2023-07-07,"70-79y",86,32
2023-07-07,"80y+",31,20
2023-07-06,"<1y",35,40
2023-07-06,"1-4y",358,292
2023-07-06,"5-9y",300,224
2023-07-06,"10-14y",148,99
2023-07-06,"15-19y",80,87
2023-07-06,"20-29y",274,195
2023-07-06,"30-39y",237,198
2023-07-06,"40-49y",190,122
2023-07-06,"50-59y",120,116
2023-07-06,"60-69y",120,75
2023-07-06,"70-79y",86,32
2023-07-06,"80y+",31,20
2023-07-05,"<1y",35,40
2023-07-05,"1-4y",358,292
2023-07-05,"5-9y",300,224
2023-07-05,"10-14y",148,99
2023-07-05,"15-19y",80,87
2023-07-05,"20-29y",274,195
2023-07-05,"30-39y",237,198
2023-07-05,"40-49y",190,122
2023-07-05,"50-59y",120,116
2023-07-05,"60-69y",120,75
2023-07-05,"70-79y",86,32
2023-07-05,"80y+",31,20
2023-07-04,"<1y",35,40
2023-07-04,"1-4y",358,292
2023-07-04,"5-9y",300,224
2023-07-04,"10-14y",148,99
2023-07-04,"15-19y",80,87
2023-07-04,"20-29y",274,195
2023-07-04,"30-39y",237,198
2023-07-04,"40-49y",190,122
2023-07-04,"50-59y",120,116
2023-07-04,"60-69y",120,75
2023-07-04,"70-79y",86,32
2023-07-04,"80y+",31,20
2023-07-03,"<1y",35,40
2023-07-03,"1-4y",358,292
2023-07-03,"5-9y",300,224
2023-07-03,"10-14y",148,99
2023-07-03,"15-19y",80,87
2023-07-03,"20-29y",274,195
2023-07-03,"30-39y",237,198
2023-07-03,"40-49y",190,122
2023-07-03,"50-59y",120,116
2023-07-03,"60-69y",120,75
2023-07-03,"70-79y",86,32
2023-07-03,"80y+",31,20
2023-07-02,"<1y",34,38
2023-07-02,"1-4y",342,275
2023-07-02,"5-9y",276,210
2023-07-02,"10-14y",142,87
2023-07-02,"15-19y",72,79
2023-07-02,"20-29y",263,181
2023-07-02,"30-39y",229,187
2023-07-02,"40-49y",178,119
2023-07-02,"50-59y",115,110
2023-07-02,"60-69y",80,69
2023-07-02,"70-79y",50,31
2023-07-02,"80y+",14,20
2023-07-01,"<1y",34,38
2023-07-01,"1-4y",342,275
2023-07-01,"5-9y",276,210
2023-07-01,"10-14y",142,87
2023-07-01,"15-19y",72,79
2023-07-01,"20-29y",263,181
2023-07-01,"30-39y",229,187
2023-07-01,"40-49y",178,119
2023-07-01,"50-59y",115,110
2023-07-01,"60-69y",80,69
2023-07-01,"70-79y",50,31
2023-07-01,"80y+",14,20
2023-06-29,"<1y",34,38
2023-06-29,"1-4y",342,275
2023-06-29,"5-9y",276,210
2023-06-29,"10-14y",142,87
2023-06-29,"15-19y",72,79
2023-06-29,"20-29y",263,181
2023-06-29,"30-39y",229,187
2023-06-29,"40-49y",178,119
2023-06-29,"50-59y",115,110
2023-06-29,"60-69y",80,69
2023-06-29,"70-79y",50,31
2023-06-29,"80y+",14,20
2023-06-28,"<1y",34,38
2023-06-28,"1-4y",342,275
2023-06-28,"5-9y",276,210
2023-06-28,"10-14y",142,87
2023-06-28,"15-19y",72,79
2023-06-28,"20-29y",263,181
2023-06-28,"30-39y",229,187
2023-06-28,"40-49y",178,119
2023-06-28,"50-59y",115,110
2023-06-28,"60-69y",80,69
2023-06-28,"70-79y",50,31
2023-06-28,"80y+",14,20
2023-06-27,"<1y",34,38
2023-06-27,"1-4y",342,275
2023-06-27,"5-9y",276,210
2023-06-27,"10-14y",142,87
2023-06-27,"15-19y",72,79
2023-06-27,"20-29y",263,181
2023-06-27,"30-39y",229,187
2023-06-27,"40-49y",178,119
2023-06-27,"50-59y",115,110
2023-06-27,"60-69y",80,69
2023-06-27,"70-79y",50,31
2023-06-27,"80y+",14,20
2023-06-26,"<1y",34,38
2023-06-26,"1-4y",342,275
2023-06-26,"5-9y",276,210
2023-06-26,"10-14y",142,87
2023-06-26,"15-19y",72,79
2023-06-26,"20-29y",263,181
2023-06-26,"30-39y",229,187
2023-06-26,"40-49y",178,119
2023-06-26,"50-59y",115,110
2023-06-26,"60-69y",80,69
2023-06-26,"70-79y",50,31
2023-06-26,"80y+",14,20
2023-06-25,"<1y",34,38
2023-06-25,"1-4y",342,275
2023-06-25,"5-9y",276,210
2023-06-25,"10-14y",142,87
2023-06-25,"15-19y",72,79
2023-06-25,"20-29y",263,181
2023-06-25,"30-39y",229,187
2023-06-25,"40-49y",178,119
2023-06-25,"50-59y",115,110
2023-06-25,"60-69y",80,69
2023-06-25,"70-79y",50,31
2023-06-25,"80y+",14,20
2023-06-24,"<1y",34,38
2023-06-24,"1-4y",342,275
2023-06-24,"5-9y",276,210
2023-06-24,"10-14y",142,87
2023-06-24,"15-19y",72,79
2023-06-24,"20-29y",263,181
2023-06-24,"30-39y",229,187
2023-06-24,"40-49y",178,119
2023-06-24,"50-59y",115,110
2023-06-24,"60-69y",80,69
2023-06-24,"70-79y",50,31
2023-06-24,"80y+",14,20
2023-06-23,"<1y",34,38
2023-06-23,"1-4y",342,275
2023-06-23,"5-9y",276,210
2023-06-23,"10-14y",142,87
2023-06-23,"15-19y",72,79
2023-06-23,"20-29y",263,181
2023-06-23,"30-39y",229,187
2023-06-23,"40-49y",178,119
2023-06-23,"50-59y",115,110
2023-06-23,"60-69y",80,69
2023-06-23,"70-79y",50,31
2023-06-23,"80y+",14,20
2023-06-22,"<1y",34,38
2023-06-22,"1-4y",342,275
2023-06-22,"5-9y",276,210
2023-06-22,"10-14y",142,87
2023-06-22,"15-19y",72,79
2023-06-22,"20-29y",263,181
2023-06-22,"30-39y",229,187
2023-06-22,"40-49y",178,119
2023-06-22,"50-59y",115,110
2023-06-22,"60-69y",80,69
2023-06-22,"70-79y",50,31
2023-06-22,"80y+",14,20
2023-06-21,"<1y",34,38
2023-06-21,"1-4y",342,275
2023-06-21,"5-9y",276,210
2023-06-21,"10-14y",142,87
2023-06-21,"15-19y",72,79
2023-06-21,"20-29y",263,181
2023-06-21,"30-39y",229,187
2023-06-21,"40-49y",178,119
2023-06-21,"50-59y",115,110
2023-06-21,"60-69y",80,69
2023-06-21,"70-79y",50,31
2023-06-21,"80y+",14,20
2023-06-20,"<1y",30,35
2023-06-20,"1-4y",316,256
2023-06-20,"5-9y",259,198
2023-06-20,"10-14y",131,77
2023-06-20,"15-19y",64,67
2023-06-20,"20-29y",243,168
2023-06-20,"30-39y",211,168
2023-06-20,"40-49y",163,106
2023-06-20,"50-59y",108,104
2023-06-20,"60-69y",75,64
2023-06-20,"70-79y",26,30
2023-06-20,"80y+",14,19
2023-06-19,"<1y",30,35
2023-06-19,"1-4y",316,256
2023-06-19,"5-9y",259,198
2023-06-19,"10-14y",131,77
2023-06-19,"15-19y",64,67
2023-06-19,"20-29y",243,168
2023-06-19,"30-39y",211,168
2023-06-19,"40-49y",163,106
2023-06-19,"50-59y",108,104
2023-06-19,"60-69y",75,64
2023-06-19,"70-79y",26,30
2023-06-19,"80y+",14,19
2023-06-18,"<1y",30,35
2023-06-18,"1-4y",316,256
2023-06-18,"5-9y",259,198
2023-06-18,"10-14y",131,77
2023-06-18,"15-19y",64,67
2023-06-18,"20-29y",243,168
2023-06-18,"30-39y",211,168
2023-06-18,"40-49y",163,106
2023-06-18,"50-59y",108,104
2023-06-18,"60-69y",75,64
2023-06-18,"70-79y",26,30
2023-06-18,"80y+",14,19
2023-06-17,"<1y",30,35
2023-06-17,"1-4y",316,256
2023-06-17,"5-9y",259,198
2023-06-17,"10-14y",131,77
2023-06-17,"15-19y",64,67
2023-06-17,"20-29y",243,168
2023-06-17,"30-39y",211,168
2023-06-17,"40-49y",163,106
2023-06-17,"50-59y",108,104
2023-06-17,"60-69y",75,64
2023-06-17,"70-79y",26,30
2023-06-17,"80y+",14,19
2023-06-16,"<1y",30,35
2023-06-16,"1-4y",316,256
2023-06-16,"5-9y",259,198
2023-06-16,"10-14y",131,77
2023-06-16,"15-19y",64,67
2023-06-16,"20-29y",243,168
2023-06-16,"30-39y",211,168
2023-06-16,"40-49y",163,106
2023-06-16,"50-59y",108,104
2023-06-16,"60-69y",75,64
2023-06-16,"70-79y",26,30
2023-06-16,"80y+",14,19
2023-06-15,"<1y",30,35
2023-06-15,"1-4y",316,256
2023-06-15,"5-9y",259,198
2023-06-15,"10-14y",131,77
2023-06-15,"15-19y",64,67
2023-06-15,"20-29y",243,168
2023-06-15,"30-39y",211,168
2023-06-15,"40-49y",163,106
2023-06-15,"50-59y",108,104
2023-06-15,"60-69y",75,64
2023-06-15,"70-79y",26,30
2023-06-15,"80y+",14,19
2023-06-14,"<1y",30,35
2023-06-14,"1-4y",316,256
2023-06-14,"5-9y",259,198
2023-06-14,"10-14y",131,77
2023-06-14,"15-19y",64,67
2023-06-14,"20-29y",243,168
2023-06-14,"30-39y",211,168
2023-06-14,"40-49y",163,106
2023-06-14,"50-59y",108,104
2023-06-14,"60-69y",75,64
2023-06-14,"70-79y",26,30
2023-06-14,"80y+",14,19
2023-06-13,"<1y",30,35
2023-06-13,"1-4y",313,254
2023-06-13,"5-9y",259,197
2023-06-13,"10-14y",130,76
2023-06-13,"15-19y",64,66
2023-06-13,"20-29y",242,167
2023-06-13,"30-39y",210,167
2023-06-13,"40-49y",163,106
2023-06-13,"50-59y",106,104
2023-06-13,"60-69y",75,63
2023-06-13,"70-79y",25,30
2023-06-13,"80y+",14,18
2023-06-12,"<1y",30,35
2023-06-12,"1-4y",313,254
2023-06-12,"5-9y",259,197
2023-06-12,"10-14y",130,76
2023-06-12,"15-19y",64,66
2023-06-12,"20-29y",242,167
2023-06-12,"30-39y",210,167
2023-06-12,"40-49y",163,106
2023-06-12,"50-59y",106,104
2023-06-12,"60-69y",75,63
2023-06-12,"70-79y",25,30
2023-06-12,"80y+",14,18
2023-06-11,"<1y",30,35
2023-06-11,"1-4y",313,254
2023-06-11,"5-9y",259,197
2023-06-11,"10-14y",130,76
2023-06-11,"15-19y",64,66
2023-06-11,"20-29y",242,167
2023-06-11,"30-39y",210,167
2023-06-11,"40-49y",163,106
2023-06-11,"50-59y",106,104
2023-06-11,"60-69y",75,63
2023-06-11,"70-79y",25,30
2023-06-11,"80y+",14,18
2023-06-10,"<1y",30,35
2023-06-10,"1-4y",313,254
2023-06-10,"5-9y",259,197
2023-06-10,"10-14y",130,76
2023-06-10,"15-19y",64,66
2023-06-10,"20-29y",242,167
2023-06-10,"30-39y",210,167
2023-06-10,"40-49y",163,106
2023-06-10,"50-59y",106,104
2023-06-10,"60-69y",75,63
2023-06-10,"70-79y",25,30
2023-06-10,"80y+",14,18
2023-06-09,"<1y",30,35
2023-06-09,"1-4y",313,254
2023-06-09,"5-9y",259,197
2023-06-09,"10-14y",130,76
2023-06-09,"15-19y",64,66
2023-06-09,"20-29y",242,167
2023-06-09,"30-39y",210,167
2023-06-09,"40-49y",163,106
2023-06-09,"50-59y",106,104
2023-06-09,"60-69y",75,63
2023-06-09,"70-79y",25,30
2023-06-09,"80y+",14,18
2023-06-08,"<1y",30,35
2023-06-08,"1-4y",313,254
2023-06-08,"5-9y",259,197
2023-06-08,"10-14y",130,76
2023-06-08,"15-19y",64,66
2023-06-08,"20-29y",242,167
2023-06-08,"30-39y",210,167
2023-06-08,"40-49y",163,106
2023-06-08,"50-59y",106,104
2023-06-08,"60-69y",75,63
2023-06-08,"70-79y",25,30
2023-06-08,"80y+",14,18
2023-06-07,"<1y",30,35
2023-06-07,"1-4y",313,254
2023-06-07,"5-9y",259,197
2023-06-07,"10-14y",130,76
2023-06-07,"15-19y",64,66
2023-06-07,"20-29y",242,167
2023-06-07,"30-39y",210,167
2023-06-07,"40-49y",163,106
2023-06-07,"50-59y",106,104
2023-06-07,"60-69y",75,63
2023-06-07,"70-79y",25,30
2023-06-07,"80y+",14,18
2023-06-06,"<1y",30,35
2023-06-06,"1-4y",313,254
2023-06-06,"5-9y",259,197
2023-06-06,"10-14y",130,76
2023-06-06,"15-19y",64,66
2023-06-06,"20-29y",242,167
2023-06-06,"30-39y",210,167
2023-06-06,"40-49y",163,106
2023-06-06,"50-59y",106,104
2023-06-06,"60-69y",75,63
2023-06-06,"70-79y",25,30
2023-06-06,"80y+",14,18
2023-06-05,"<1y",30,35
2023-06-05,"1-4y",311,251
2023-06-05,"5-9y",253,196
2023-06-05,"10-14y",129,75
2023-06-05,"15-19y",64,66
2023-06-05,"20-29y",242,167
2023-06-05,"30-39y",209,166
2023-06-05,"40-49y",163,105
2023-06-05,"50-59y",105,104
2023-06-05,"60-69y",75,63
2023-06-05,"70-79y",25,30
2023-06-05,"80y+",14,18
2023-06-04,"<1y",30,35
2023-06-04,"1-4y",311,251
2023-06-04,"5-9y",253,196
2023-06-04,"10-14y",129,75
2023-06-04,"15-19y",64,66
2023-06-04,"20-29y",242,167
2023-06-04,"30-39y",209,166
2023-06-04,"40-49y",163,105
2023-06-04,"50-59y",105,104
2023-06-04,"60-69y",75,63
2023-06-04,"70-79y",25,30
2023-06-04,"80y+",14,18
2023-06-03,"<1y",30,31
2023-06-03,"1-4y",288,237
2023-06-03,"5-9y",237,184
2023-06-03,"10-14y",118,69
2023-06-03,"15-19y",60,58
2023-06-03,"20-29y",229,155
2023-06-03,"30-39y",193,147
2023-06-03,"40-49y",156,97
2023-06-03,"50-59y",99,96
2023-06-03,"60-69y",73,59
2023-06-03,"70-79y",23,28
2023-06-03,"80y+",14,17
2023-06-02,"<1y",30,31
2023-06-02,"1-4y",288,237
2023-06-02,"5-9y",237,184
2023-06-02,"10-14y",118,69
2023-06-02,"15-19y",60,58
2023-06-02,"20-29y",229,155
2023-06-02,"30-39y",193,147
2023-06-02,"40-49y",156,97
2023-06-02,"50-59y",99,96
2023-06-02,"60-69y",73,59
2023-06-02,"70-79y",23,28
2023-06-02,"80y+",14,17
2023-06-01,"<1y",30,31
2023-06-01,"1-4y",288,237
2023-06-01,"5-9y",237,184
2023-06-01,"10-14y",118,69
2023-06-01,"15-19y",60,58
2023-06-01,"20-29y",229,155
2023-06-01,"30-39y",193,147
2023-06-01,"40-49y",156,97
2023-06-01,"50-59y",99,96
2023-06-01,"60-69y",73,59
2023-06-01,"70-79y",23,28
2023-06-01,"80y+",14,17
2023-05-31,"<1y",30,31
2023-05-31,"1-4y",288,237
2023-05-31,"5-9y",237,184
2023-05-31,"10-14y",118,69
2023-05-31,"15-19y",60,58
2023-05-31,"20-29y",229,155
2023-05-31,"30-39y",193,147
2023-05-31,"40-49y",156,97
2023-05-31,"50-59y",99,96
2023-05-31,"60-69y",73,59
2023-05-31,"70-79y",23,28
2023-05-31,"80y+",14,17
2023-05-30,"<1y",30,31
2023-05-30,"1-4y",288,237
2023-05-30,"5-9y",237,184
2023-05-30,"10-14y",118,69
2023-05-30,"15-19y",60,58
2023-05-30,"20-29y",229,155
2023-05-30,"30-39y",193,147
2023-05-30,"40-49y",156,97
2023-05-30,"50-59y",99,96
2023-05-30,"60-69y",73,59
2023-05-30,"70-79y",23,28
2023-05-30,"80y+",14,17
2023-05-28,"<1y",30,31
2023-05-28,"1-4y",288,237
2023-05-28,"5-9y",237,184
2023-05-28,"10-14y",118,69
2023-05-28,"15-19y",60,58
2023-05-28,"20-29y",229,155
2023-05-28,"30-39y",193,147
2023-05-28,"40-49y",156,97
2023-05-28,"50-59y",99,96
2023-05-28,"60-69y",73,59
2023-05-28,"70-79y",23,28
2023-05-28,"80y+",14,17
2023-05-27,"<1y",30,31
2023-05-27,"1-4y",288,237
2023-05-27,"5-9y",237,184
2023-05-27,"10-14y",118,69
2023-05-27,"15-19y",60,58
2023-05-27,"20-29y",229,155
2023-05-27,"30-39y",193,147
2023-05-27,"40-49y",156,97
2023-05-27,"50-59y",99,96
2023-05-27,"60-69y",73,59
2023-05-27,"70-79y",23,28
2023-05-27,"80y+",14,17
2023-05-26,"<1y",30,31
2023-05-26,"1-4y",288,237
2023-05-26,"5-9y",237,184
2023-05-26,"10-14y",118,69
2023-05-26,"15-19y",60,58
2023-05-26,"20-29y",229,155
2023-05-26,"30-39y",193,147
2023-05-26,"40-49y",156,97
2023-05-26,"50-59y",99,96
2023-05-26,"60-69y",73,59
2023-05-26,"70-79y",23,28
2023-05-26,"80y+",14,17
2023-05-25,"<1y",30,31
2023-05-25,"1-4y",288,237
2023-05-25,"5-9y",237,184
2023-05-25,"10-14y",118,69
2023-05-25,"15-19y",60,58
2023-05-25,"20-29y",229,155
2023-05-25,"30-39y",193,147
2023-05-25,"40-49y",156,97
2023-05-25,"50-59y",99,96
2023-05-25,"60-69y",73,59
2023-05-25,"70-79y",23,28
2023-05-25,"80y+",14,17
2023-05-24,"<1y",30,31
2023-05-24,"1-4y",288,237
2023-05-24,"5-9y",237,184
2023-05-24,"10-14y",118,69
2023-05-24,"15-19y",60,58
2023-05-24,"20-29y",229,155
2023-05-24,"30-39y",193,147
2023-05-24,"40-49y",156,97
2023-05-24,"50-59y",99,96
2023-05-24,"60-69y",73,59
2023-05-24,"70-79y",23,28
2023-05-24,"80y+",14,17
2023-05-23,"<1y",30,31
2023-05-23,"1-4y",288,237
2023-05-23,"5-9y",237,184
2023-05-23,"10-14y",118,69
2023-05-23,"15-19y",60,58
2023-05-23,"20-29y",229,155
2023-05-23,"30-39y",193,147
2023-05-23,"40-49y",156,97
2023-05-23,"50-59y",99,96
2023-05-23,"60-69y",73,59
2023-05-23,"70-79y",23,28
2023-05-23,"80y+",14,17
2023-05-22,"<1y",30,31
2023-05-22,"1-4y",288,237
2023-05-22,"5-9y",237,184
2023-05-22,"10-14y",118,69
2023-05-22,"15-19y",60,58
2023-05-22,"20-29y",229,155
2023-05-22,"30-39y",193,147
2023-05-22,"40-49y",156,97
2023-05-22,"50-59y",99,96
2023-05-22,"60-69y",73,59
2023-05-22,"70-79y",23,28
2023-05-22,"80y+",14,17
2023-05-21,"<1y",30,31
2023-05-21,"1-4y",288,237
2023-05-21,"5-9y",237,184
2023-05-21,"10-14y",118,69
2023-05-21,"15-19y",60,58
2023-05-21,"20-29y",229,155
2023-05-21,"30-39y",193,147
2023-05-21,"40-49y",156,97
2023-05-21,"50-59y",99,96
2023-05-21,"60-69y",73,59
2023-05-21,"70-79y",23,28
2023-05-21,"80y+",14,17
2023-05-20,"<1y",30,31
2023-05-20,"1-4y",288,237
2023-05-20,"5-9y",237,184
2023-05-20,"10-14y",118,69
2023-05-20,"15-19y",60,58
2023-05-20,"20-29y",229,155
2023-05-20,"30-39y",193,147
2023-05-20,"40-49y",156,97
2023-05-20,"50-59y",99,96
2023-05-20,"60-69y",73,59
2023-05-20,"70-79y",23,28
2023-05-20,"80y+",14,17
2023-03-05,"<1y",25,28
2023-03-05,"1-4y",262,225
2023-03-05,"5-9y",232,168
2023-03-05,"10-14y",110,63
2023-03-05,"15-19y",54,53
2023-03-05,"20-29y",204,139
2023-03-05,"30-39y",175,126
2023-03-05,"40-49y",137,88
2023-03-05,"50-59y",94,89
2023-03-05,"60-69y",61,53
2023-03-05,"70-79y",21,26
2023-03-05,"80y+",9,11
2023-03-04,"<1y",25,28
2023-03-04,"1-4y",262,225
2023-03-04,"5-9y",232,168
2023-03-04,"10-14y",110,63
2023-03-04,"15-19y",54,53
2023-03-04,"20-29y",204,139
2023-03-04,"30-39y",175,126
2023-03-04,"40-49y",137,88
2023-03-04,"50-59y",94,89
2023-03-04,"60-69y",61,53
2023-03-04,"70-79y",21,26
2023-03-04,"80y+",9,11
2023-03-03,"<1y",25,28
2023-03-03,"1-4y",262,225
2023-03-03,"5-9y",232,168
2023-03-03,"10-14y",110,63
2023-03-03,"15-19y",54,53
2023-03-03,"20-29y",204,139
2023-03-03,"30-39y",175,126
2023-03-03,"40-49y",137,88
2023-03-03,"50-59y",94,89
2023-03-03,"60-69y",61,53
2023-03-03,"70-79y",21,26
2023-03-03,"80y+",9,11
2023-03-02,"<1y",25,28
2023-03-02,"1-4y",262,225
2023-03-02,"5-9y",232,168
2023-03-02,"10-14y",110,63
2023-03-02,"15-19y",54,53
2023-03-02,"20-29y",204,139
2023-03-02,"30-39y",175,126
2023-03-02,"40-49y",137,88
2023-03-02,"50-59y",94,89
2023-03-02,"60-69y",61,53
2023-03-02,"70-79y",21,26
2023-03-02,"80y+",9,11
2023-03-01,"<1y",25,28
2023-03-01,"1-4y",262,225
2023-03-01,"5-9y",232,168
2023-03-01,"10-14y",110,63
2023-03-01,"15-19y",54,53
2023-03-01,"20-29y",204,139
2023-03-01,"30-39y",175,126
2023-03-01,"40-49y",137,88
2023-03-01,"50-59y",94,89
2023-03-01,"60-69y",61,53
2023-03-01,"70-79y",21,26
2023-03-01,"80y+",9,11
2023-02-28,"<1y",25,28
2023-02-28,"1-4y",256,223
2023-02-28,"5-9y",230,165
2023-02-28,"10-14y",109,61
2023-02-28,"15-19y",53,50
2023-02-28,"20-29y",201,134
2023-02-28,"30-39y",174,126
2023-02-28,"40-49y",136,86
2023-02-28,"50-59y",94,84
2023-02-28,"60-69y",59,51
2023-02-28,"70-79y",21,26
2023-02-28,"80y+",9,11
2023-02-27,"<1y",25,28
2023-02-27,"1-4y",256,223
2023-02-27,"5-9y",230,165
2023-02-27,"10-14y",109,61
2023-02-27,"15-19y",53,50
2023-02-27,"20-29y",201,134
2023-02-27,"30-39y",174,126
2023-02-27,"40-49y",136,86
2023-02-27,"50-59y",94,84
2023-02-27,"60-69y",59,51
2023-02-27,"70-79y",21,26
2023-02-27,"80y+",9,11
2023-02-26,"<1y",25,28
2023-02-26,"1-4y",254,219
2023-02-26,"5-9y",226,164
2023-02-26,"10-14y",109,61
2023-02-26,"15-19y",52,50
2023-02-26,"20-29y",200,134
2023-02-26,"30-39y",174,126
2023-02-26,"40-49y",135,85
2023-02-26,"50-59y",93,83
2023-02-26,"60-69y",57,51
2023-02-26,"70-79y",21,24
2023-02-26,"80y+",9,11
2023-02-25,"<1y",25,28
2023-02-25,"1-4y",254,219
2023-02-25,"5-9y",226,164
2023-02-25,"10-14y",109,61
2023-02-25,"15-19y",52,50
2023-02-25,"20-29y",200,134
2023-02-25,"30-39y",174,126
2023-02-25,"40-49y",135,85
2023-02-25,"50-59y",93,83
2023-02-25,"60-69y",57,51
2023-02-25,"70-79y",21,24
2023-02-25,"80y+",9,11
2023-02-24,"<1y",25,28
2023-02-24,"1-4y",254,219
2023-02-24,"5-9y",226,164
2023-02-24,"10-14y",109,61
2023-02-24,"15-19y",52,50
2023-02-24,"20-29y",200,134
2023-02-24,"30-39y",174,126
2023-02-24,"40-49y",135,85
2023-02-24,"50-59y",93,83
2023-02-24,"60-69y",57,51
2023-02-24,"70-79y",21,24
2023-02-24,"80y+",9,11
2023-02-23,"<1y",25,28
2023-02-23,"1-4y",254,219
2023-02-23,"5-9y",226,164
2023-02-23,"10-14y",109,61
2023-02-23,"15-19y",52,50
2023-02-23,"20-29y",200,134
2023-02-23,"30-39y",174,126
2023-02-23,"40-49y",135,85
2023-02-23,"50-59y",93,83
2023-02-23,"60-69y",57,51
2023-02-23,"70-79y",21,24
2023-02-23,"80y+",9,11
2023-02-22,"<1y",25,28
2023-02-22,"1-4y",254,219
2023-02-22,"5-9y",226,164
2023-02-22,"10-14y",109,61
2023-02-22,"15-19y",52,50
2023-02-22,"20-29y",200,134
2023-02-22,"30-39y",174,126
2023-02-22,"40-49y",135,85
2023-02-22,"50-59y",93,83
2023-02-22,"60-69y",57,51
2023-02-22,"70-79y",21,24
2023-02-22,"80y+",9,11
2023-02-21,"<1y",25,28
2023-02-21,"1-4y",246,217
2023-02-21,"5-9y",221,163
2023-02-21,"10-14y",108,56
2023-02-21,"15-19y",51,47
2023-02-21,"20-29y",198,123
2023-02-21,"30-39y",171,126
2023-02-21,"40-49y",132,82
2023-02-21,"50-59y",91,81
2023-02-21,"60-69y",57,48
2023-02-21,"70-79y",21,23
2023-02-21,"80y+",9,10
2023-02-20,"<1y",25,28
2023-02-20,"1-4y",246,217
2023-02-20,"5-9y",221,163
2023-02-20,"10-14y",108,56
2023-02-20,"15-19y",51,47
2023-02-20,"20-29y",198,123
2023-02-20,"30-39y",171,126
2023-02-20,"40-49y",132,82
2023-02-20,"50-59y",91,81
2023-02-20,"60-69y",57,48
2023-02-20,"70-79y",21,23
2023-02-20,"80y+",9,10
2023-02-19,"<1y",25,28
2023-02-19,"1-4y",246,217
2023-02-19,"5-9y",221,163
2023-02-19,"10-14y",108,56
2023-02-19,"15-19y",51,47
2023-02-19,"20-29y",198,123
2023-02-19,"30-39y",171,126
2023-02-19,"40-49y",132,82
2023-02-19,"50-59y",91,81
2023-02-19,"60-69y",57,48
2023-02-19,"70-79y",21,23
2023-02-19,"80y+",9,10
2023-02-18,"<1y",25,28
2023-02-18,"1-4y",246,217
2023-02-18,"5-9y",221,163
2023-02-18,"10-14y",108,56
2023-02-18,"15-19y",51,47
2023-02-18,"20-29y",198,123
2023-02-18,"30-39y",171,126
2023-02-18,"40-49y",132,82
2023-02-18,"50-59y",91,81
2023-02-18,"60-69y",57,48
2023-02-18,"70-79y",21,23
2023-02-18,"80y+",9,10
2023-02-17,"<1y",25,28
2023-02-17,"1-4y",246,217
2023-02-17,"5-9y",221,163
2023-02-17,"10-14y",108,56
2023-02-17,"15-19y",51,47
2023-02-17,"20-29y",198,123
2023-02-17,"30-39y",171,126
2023-02-17,"40-49y",132,82
2023-02-17,"50-59y",91,81
2023-02-17,"60-69y",57,48
2023-02-17,"70-79y",21,23
2023-02-17,"80y+",9,10
2023-02-16,"<1y",21,27
2023-02-16,"1-4y",240,209
2023-02-16,"5-9y",215,162
2023-02-16,"10-14y",108,56
2023-02-16,"15-19y",50,47
2023-02-16,"20-29y",198,123
2023-02-16,"30-39y",171,126
2023-02-16,"40-49y",132,82
2023-02-16,"50-59y",91,81
2023-02-16,"60-69y",57,48
2023-02-16,"70-79y",21,23
2023-02-16,"80y+",9,10
2023-02-15,"<1y",21,27
2023-02-15,"1-4y",240,209
2023-02-15,"5-9y",215,162
2023-02-15,"10-14y",108,56
2023-02-15,"15-19y",50,47
2023-02-15,"20-29y",198,123
2023-02-15,"30-39y",171,126
2023-02-15,"40-49y",132,82
2023-02-15,"50-59y",91,81
2023-02-15,"60-69y",57,48
2023-02-15,"70-79y",21,23
2023-02-15,"80y+",9,10
2023-02-14,"<1y",21,27
2023-02-14,"1-4y",238,209
2023-02-14,"5-9y",214,162
2023-02-14,"10-14y",108,56
2023-02-14,"15-19y",50,47
2023-02-14,"20-29y",198,122
2023-02-14,"30-39y",170,126
2023-02-14,"40-49y",131,82
2023-02-14,"50-59y",90,81
2023-02-14,"60-69y",56,48
2023-02-14,"70-79y",21,23
2023-02-14,"80y+",9,10
2023-02-13,"<1y",21,25
2023-02-13,"1-4y",238,209
2023-02-13,"5-9y",214,162
2023-02-13,"10-14y",108,56
2023-02-13,"15-19y",50,47
2023-02-13,"20-29y",198,122
2023-02-13,"30-39y",170,126
2023-02-13,"40-49y",131,82
2023-02-13,"50-59y",90,81
2023-02-13,"60-69y",56,48
2023-02-13,"70-79y",21,23
2023-02-13,"80y+",9,10
2023-02-12,"<1y",21,25
2023-02-12,"1-4y",225,199
2023-02-12,"5-9y",208,152
2023-02-12,"10-14y",106,54
2023-02-12,"15-19y",50,46
2023-02-12,"20-29y",188,112
2023-02-12,"30-39y",163,121
2023-02-12,"40-49y",126,81
2023-02-12,"50-59y",85,79
2023-02-12,"60-69y",56,45
2023-02-12,"70-79y",21,22
2023-02-12,"80y+",9,10
2023-02-11,"<1y",21,25
2023-02-11,"1-4y",225,199
2023-02-11,"5-9y",208,152
2023-02-11,"10-14y",106,54
2023-02-11,"15-19y",50,46
2023-02-11,"20-29y",188,112
2023-02-11,"30-39y",163,121
2023-02-11,"40-49y",126,81
2023-02-11,"50-59y",85,79
2023-02-11,"60-69y",56,45
2023-02-11,"70-79y",21,22
2023-02-11,"80y+",9,10
2023-02-10,"<1y",21,25
2023-02-10,"1-4y",225,199
2023-02-10,"5-9y",208,152
2023-02-10,"10-14y",106,54
2023-02-10,"15-19y",50,46
2023-02-10,"20-29y",188,112
2023-02-10,"30-39y",163,121
2023-02-10,"40-49y",126,81
2023-02-10,"50-59y",85,79
2023-02-10,"60-69y",56,45
2023-02-10,"70-79y",21,22
2023-02-10,"80y+",9,10
2023-02-09,"<1y",21,25
2023-02-09,"1-4y",225,199
2023-02-09,"5-9y",208,152
2023-02-09,"10-14y",106,54
2023-02-09,"15-19y",50,46
2023-02-09,"20-29y",188,112
2023-02-09,"30-39y",163,121
2023-02-09,"40-49y",126,81
2023-02-09,"50-59y",85,79
2023-02-09,"60-69y",56,45
2023-02-09,"70-79y",21,22
2023-02-09,"80y+",9,10
2023-02-08,"<1y",21,24
2023-02-08,"1-4y",220,189
2023-02-08,"5-9y",188,151
2023-02-08,"10-14y",102,51
2023-02-08,"15-19y",50,45
2023-02-08,"20-29y",183,108
2023-02-08,"30-39y",160,118
2023-02-08,"40-49y",119,78
2023-02-08,"50-59y",78,77
2023-02-08,"60-69y",56,44
2023-02-08,"70-79y",21,21
2023-02-08,"80y+",9,10
2023-02-07,"<1y",21,24
2023-02-07,"1-4y",220,189
2023-02-07,"5-9y",188,151
2023-02-07,"10-14y",102,51
2023-02-07,"15-19y",50,45
2023-02-07,"20-29y",183,108
2023-02-07,"30-39y",160,118
2023-02-07,"40-49y",119,78
2023-02-07,"50-59y",78,77
2023-02-07,"60-69y",56,44
2023-02-07,"70-79y",21,21
2023-02-07,"80y+",9,10
2023-02-06,"<1y",21,24
2023-02-06,"1-4y",220,189
2023-02-06,"5-9y",188,151
2023-02-06,"10-14y",102,51
2023-02-06,"15-19y",50,45
2023-02-06,"20-29y",183,108
2023-02-06,"30-39y",160,118
2023-02-06,"40-49y",119,78
2023-02-06,"50-59y",78,77
2023-02-06,"60-69y",56,44
2023-02-06,"70-79y",21,21
2023-02-06,"80y+",9,10
2023-02-05,"<1y",21,24
2023-02-05,"1-4y",219,186
2023-02-05,"5-9y",187,147
2023-02-05,"10-14y",101,49
2023-02-05,"15-19y",48,45
2023-02-05,"20-29y",180,108
2023-02-05,"30-39y",159,118
2023-02-05,"40-49y",118,77
2023-02-05,"50-59y",77,75
2023-02-05,"60-69y",53,43
2023-02-05,"70-79y",20,21
2023-02-05,"80y+",9,10
2023-02-04,"<1y",21,24
2023-02-04,"1-4y",219,186
2023-02-04,"5-9y",187,147
2023-02-04,"10-14y",101,49
2023-02-04,"15-19y",48,45
2023-02-04,"20-29y",180,108
2023-02-04,"30-39y",159,118
2023-02-04,"40-49y",118,77
2023-02-04,"50-59y",77,75
2023-02-04,"60-69y",53,43
2023-02-04,"70-79y",20,21
2023-02-04,"80y+",9,10
2023-02-03,"<1y",21,24
2023-02-03,"1-4y",219,186
2023-02-03,"5-9y",187,147
2023-02-03,"10-14y",101,49
2023-02-03,"15-19y",48,45
2023-02-03,"20-29y",180,108
2023-02-03,"30-39y",159,118
2023-02-03,"40-49y",118,77
2023-02-03,"50-59y",77,75
2023-02-03,"60-69y",53,43
2023-02-03,"70-79y",20,21
2023-02-03,"80y+",9,10
2023-02-02,"<1y",21,24
2023-02-02,"1-4y",219,186
2023-02-02,"5-9y",187,147
2023-02-02,"10-14y",101,49
2023-02-02,"15-19y",48,45
2023-02-02,"20-29y",180,108
2023-02-02,"30-39y",159,118
2023-02-02,"40-49y",118,77
2023-02-02,"50-59y",77,75
2023-02-02,"60-69y",53,43
2023-02-02,"70-79y",20,21
2023-02-02,"80y+",9,10
2023-02-01,"<1y",21,24
2023-02-01,"1-4y",219,186
2023-02-01,"5-9y",186,147
2023-02-01,"10-14y",101,49
2023-02-01,"15-19y",48,45
2023-02-01,"20-29y",180,108
2023-02-01,"30-39y",159,118
2023-02-01,"40-49y",118,77
2023-02-01,"50-59y",77,75
2023-02-01,"60-69y",53,43
2023-02-01,"70-79y",20,21
2023-02-01,"80y+",9,10
2023-01-31,"<1y",20,23
2023-01-31,"1-4y",218,185
2023-01-31,"5-9y",182,147
2023-01-31,"10-14y",99,49
2023-01-31,"15-19y",48,43
2023-01-31,"20-29y",178,106
2023-01-31,"30-39y",157,117
2023-01-31,"40-49y",118,77
2023-01-31,"50-59y",74,75
2023-01-31,"60-69y",53,43
2023-01-31,"70-79y",20,21
2023-01-31,"80y+",9,10
2023-01-30,"<1y",20,23
2023-01-30,"1-4y",218,185
2023-01-30,"5-9y",182,147
2023-01-30,"10-14y",99,49
2023-01-30,"15-19y",48,43
2023-01-30,"20-29y",178,106
2023-01-30,"30-39y",157,117
2023-01-30,"40-49y",118,77
2023-01-30,"50-59y",74,75
2023-01-30,"60-69y",53,43
2023-01-30,"70-79y",20,21
2023-01-30,"80y+",9,10
2023-01-29,"<1y",20,23
2023-01-29,"1-4y",214,182
2023-01-29,"5-9y",178,142
2023-01-29,"10-14y",99,47
2023-01-29,"15-19y",48,41
2023-01-29,"20-29y",174,103
2023-01-29,"30-39y",155,114
2023-01-29,"40-49y",177,77
2023-01-29,"50-59y",74,73
2023-01-29,"60-69y",51,42
2023-01-29,"70-79y",19,21
2023-01-29,"80y+",8,10
2023-01-28,"<1y",20,23
2023-01-28,"1-4y",214,182
2023-01-28,"5-9y",178,142
2023-01-28,"10-14y",99,47
2023-01-28,"15-19y",48,41
2023-01-28,"20-29y",174,103
2023-01-28,"30-39y",155,114
2023-01-28,"40-49y",177,77
2023-01-28,"50-59y",74,73
2023-01-28,"60-69y",51,42
2023-01-28,"70-79y",19,21
2023-01-28,"80y+",8,10
2023-01-27,"<1y",20,23
2023-01-27,"1-4y",214,182
2023-01-27,"5-9y",178,142
2023-01-27,"10-14y",99,47
2023-01-27,"15-19y",48,41
2023-01-27,"20-29y",174,103
2023-01-27,"30-39y",155,114
2023-01-27,"40-49y",177,77
2023-01-27,"50-59y",74,73
2023-01-27,"60-69y",51,42
2023-01-27,"70-79y",19,21
2023-01-27,"80y+",8,10
2023-01-26,"<1y",20,23
2023-01-26,"1-4y",214,182
2023-01-26,"5-9y",178,142
2023-01-26,"10-14y",99,47
2023-01-26,"15-19y",48,41
2023-01-26,"20-29y",174,103
2023-01-26,"30-39y",155,114
2023-01-26,"40-49y",177,77
2023-01-26,"50-59y",74,73
2023-01-26,"60-69y",51,42
2023-01-26,"70-79y",19,21
2023-01-26,"80y+",8,10
2023-01-25,"<1y",20,23
2023-01-25,"1-4y",209,177
2023-01-25,"5-9y",174,140
2023-01-25,"10-14y",96,46
2023-01-25,"15-19y",48,39
2023-01-25,"20-29y",171,100
2023-01-25,"30-39y",154,114
2023-01-25,"40-49y",116,76
2023-01-25,"50-59y",71,71
2023-01-25,"60-69y",48,42
2023-01-25,"70-79y",19,21
2023-01-25,"80y+",8,10
2023-01-24,"<1y",20,23
2023-01-24,"1-4y",209,177
2023-01-24,"5-9y",174,140
2023-01-24,"10-14y",96,46
2023-01-24,"15-19y",48,39
2023-01-24,"20-29y",171,100
2023-01-24,"30-39y",154,114
2023-01-24,"40-49y",116,76
2023-01-24,"50-59y",71,71
2023-01-24,"60-69y",48,42
2023-01-24,"70-79y",19,21
2023-01-24,"80y+",8,10
2023-01-23,"<1y",20,23
2023-01-23,"1-4y",205,170
2023-01-23,"5-9y",169,139
2023-01-23,"10-14y",95,46
2023-01-23,"15-19y",46,38
2023-01-23,"20-29y",168,99
2023-01-23,"30-39y",149,113
2023-01-23,"40-49y",114,76
2023-01-23,"50-59y",70,69
2023-01-23,"60-69y",46,42
2023-01-23,"70-79y",18,21
2023-01-23,"80y+",8,10
2023-01-22,"<1y",19,21
2023-01-22,"1-4y",197,166
2023-01-22,"5-9y",160,131
2023-01-22,"10-14y",94,44
2023-01-22,"15-19y",45,38
2023-01-22,"20-29y",161,94
2023-01-22,"30-39y",146,109
2023-01-22,"40-49y",112,71
2023-01-22,"50-59y",70,67
2023-01-22,"60-69y",45,40
2023-01-22,"70-79y",17,21
2023-01-22,"80y+",8,10
2023-01-21,"<1y",19,21
2023-01-21,"1-4y",197,166
2023-01-21,"5-9y",160,131
2023-01-21,"10-14y",94,44
2023-01-21,"15-19y",45,38
2023-01-21,"20-29y",161,94
2023-01-21,"30-39y",146,109
2023-01-21,"40-49y",112,71
2023-01-21,"50-59y",70,67
2023-01-21,"60-69y",45,40
2023-01-21,"70-79y",17,21
2023-01-21,"80y+",8,10
2023-01-20,"<1y",19,21
2023-01-20,"1-4y",197,166
2023-01-20,"5-9y",160,131
2023-01-20,"10-14y",94,44
2023-01-20,"15-19y",45,38
2023-01-20,"20-29y",161,94
2023-01-20,"30-39y",146,109
2023-01-20,"40-49y",112,71
2023-01-20,"50-59y",70,67
2023-01-20,"60-69y",45,40
2023-01-20,"70-79y",17,21
2023-01-20,"80y+",8,10
2023-01-19,"<1y",19,21
2023-01-19,"1-4y",197,166
2023-01-19,"5-9y",160,131
2023-01-19,"10-14y",94,44
2023-01-19,"15-19y",45,38
2023-01-19,"20-29y",161,94
2023-01-19,"30-39y",146,109
2023-01-19,"40-49y",112,71
2023-01-19,"50-59y",70,67
2023-01-19,"60-69y",45,40
2023-01-19,"70-79y",17,21
2023-01-19,"80y+",8,10
2023-01-18,"<1y",18,21
2023-01-18,"1-4y",195,164
2023-01-18,"5-9y",153,127
2023-01-18,"10-14y",89,43
2023-01-18,"15-19y",41,33
2023-01-18,"20-29y",152,89
2023-01-18,"30-39y",137,104
2023-01-18,"40-49y",107,67
2023-01-18,"50-59y",62,62
2023-01-18,"60-69y",43,40
2023-01-18,"70-79y",14,19
2023-01-18,"80y+",8,10
2023-01-17,"<1y",17,20
2023-01-17,"1-4y",191,161
2023-01-17,"5-9y",149,122
2023-01-17,"10-14y",83,42
2023-01-17,"15-19y",41,32
2023-01-17,"20-29y",150,86
2023-01-17,"30-39y",137,102
2023-01-17,"40-49y",106,64
2023-01-17,"50-59y",62,61
2023-01-17,"60-69y",43,38
2023-01-17,"70-79y",14,18
2023-01-17,"80y+",8,10
2023-01-16,"<1y",14,17
2023-01-16,"1-4y",171,148
2023-01-16,"5-9y",135,106
2023-01-16,"10-14y",74,37
2023-01-16,"15-19y",33,32
2023-01-16,"20-29y",139,79
2023-01-16,"30-39y",127,98
2023-01-16,"40-49y",101,64
2023-01-16,"50-59y",60,59
2023-01-16,"60-69y",41,35
2023-01-16,"70-79y",13,18
2023-01-16,"80y+",8,9
2023-01-15,"<1y",14,17
2023-01-15,"1-4y",171,148
2023-01-15,"5-9y",135,106
2023-01-15,"10-14y",74,37
2023-01-15,"15-19y",33,32
2023-01-15,"20-29y",139,79
2023-01-15,"30-39y",127,98
2023-01-15,"40-49y",101,64
2023-01-15,"50-59y",60,59
2023-01-15,"60-69y",41,35
2023-01-15,"70-79y",13,18
2023-01-15,"80y+",8,9
2023-01-14,"<1y",14,17
2023-01-14,"1-4y",171,148
2023-01-14,"5-9y",135,106
2023-01-14,"10-14y",74,37
2023-01-14,"15-19y",33,32
2023-01-14,"20-29y",139,79
2023-01-14,"30-39y",127,98
2023-01-14,"40-49y",101,64
2023-01-14,"50-59y",60,59
2023-01-14,"60-69y",41,35
2023-01-14,"70-79y",13,18
2023-01-14,"80y+",8,9
2023-01-13,"<1y",14,17
2023-01-13,"1-4y",171,148
2023-01-13,"5-9y",135,106
2023-01-13,"10-14y",74,37
2023-01-13,"15-19y",33,32
2023-01-13,"20-29y",139,79
2023-01-13,"30-39y",127,98
2023-01-13,"40-49y",101,64
2023-01-13,"50-59y",60,59
2023-01-13,"60-69y",41,35
2023-01-13,"70-79y",13,18
2023-01-13,"80y+",8,9
2023-01-12,"<1y",14,17
2023-01-12,"1-4y",171,148
2023-01-12,"5-9y",135,106
2023-01-12,"10-14y",74,37
2023-01-12,"15-19y",33,32
2023-01-12,"20-29y",139,79
2023-01-12,"30-39y",127,98
2023-01-12,"40-49y",101,64
2023-01-12,"50-59y",60,59
2023-01-12,"60-69y",41,35
2023-01-12,"70-79y",13,18
2023-01-12,"80y+",8,9
2023-01-11,"<1y",14,17
2023-01-11,"1-4y",168,143
2023-01-11,"5-9y",133,105
2023-01-11,"10-14y",71,36
2023-01-11,"15-19y",32,32
2023-01-11,"20-29y",138,79
2023-01-11,"30-39y",127,97
2023-01-11,"40-49y",100,64
2023-01-11,"50-59y",58,59
2023-01-11,"60-69y",40,35
2023-01-11,"70-79y",13,18
2023-01-11,"80y+",8,8
2023-01-10,"<1y",14,17
2023-01-10,"1-4y",166,141
2023-01-10,"5-9y",131,104
2023-01-10,"10-14y",71,36
2023-01-10,"15-19y",31,32
2023-01-10,"20-29y",137,78
2023-01-10,"30-39y",125,95
2023-01-10,"40-49y",99,64
2023-01-10,"50-59y",58,59
2023-01-10,"60-69y",38,35
2023-01-10,"70-79y",13,17
2023-01-10,"80y+",8,6
2023-01-09,"<1y",14,17
2023-01-09,"1-4y",168,143
2023-01-09,"5-9y",133,105
2023-01-09,"10-14y",71,36
2023-01-09,"15-19y",32,32
2023-01-09,"20-29y",138,79
2023-01-09,"30-39y",127,97
2023-01-09,"40-49y",100,64
2023-01-09,"50-59y",58,59
2023-01-09,"60-69y",40,35
2023-01-09,"70-79y",13,18
2023-01-09,"80y+",8,8
2023-01-08,"<1y",14,17
2023-01-08,"1-4y",166,141
2023-01-08,"5-9y",131,104
2023-01-08,"10-14y",71,36
2023-01-08,"15-19y",31,32
2023-01-08,"20-29y",137,78
2023-01-08,"30-39y",125,95
2023-01-08,"40-49y",99,64
2023-01-08,"50-59y",58,59
2023-01-08,"60-69y",38,35
2023-01-08,"70-79y",13,17
2023-01-08,"80y+",8,6
2023-01-07,"<1y",14,17
2023-01-07,"1-4y",160,138
2023-01-07,"5-9y",130,102
2023-01-07,"10-14y",70,35
2023-01-07,"15-19y",31,32
2023-01-07,"20-29y",136,77
2023-01-07,"30-39y",125,91
2023-01-07,"40-49y",99,63
2023-01-07,"50-59y",58,58
2023-01-07,"60-69y",38,34
2023-01-07,"70-79y",12,17
2023-01-07,"80y+",7,6
2023-01-06,"<1y",14,17
2023-01-06,"1-4y",160,138
2023-01-06,"5-9y",130,102
2023-01-06,"10-14y",70,35
2023-01-06,"15-19y",31,32
2023-01-06,"20-29y",136,77
2023-01-06,"30-39y",125,91
2023-01-06,"40-49y",99,63
2023-01-06,"50-59y",58,58
2023-01-06,"60-69y",38,34
2023-01-06,"70-79y",12,17
2023-01-06,"80y+",7,6
2023-01-05,"<1y",14,17
2023-01-05,"1-4y",160,138
2023-01-05,"5-9y",130,102
2023-01-05,"10-14y",70,35
2023-01-05,"15-19y",31,32
2023-01-05,"20-29y",136,77
2023-01-05,"30-39y",125,91
2023-01-05,"40-49y",99,63
2023-01-05,"50-59y",58,58
2023-01-05,"60-69y",38,34
2023-01-05,"70-79y",12,17
2023-01-05,"80y+",7,6
2023-01-04,"<1y",14,17
2023-01-04,"1-4y",160,138
2023-01-04,"5-9y",130,102
2023-01-04,"10-14y",70,35
2023-01-04,"15-19y",31,32
2023-01-04,"20-29y",136,77
2023-01-04,"30-39y",125,91
2023-01-04,"40-49y",99,63
2023-01-04,"50-59y",58,58
2023-01-04,"60-69y",38,34
2023-01-04,"70-79y",12,17
2023-01-04,"80y+",7,6
2023-01-03,"<1y",14,17
2023-01-03,"1-4y",160,138
2023-01-03,"5-9y",130,102
2023-01-03,"10-14y",70,35
2023-01-03,"15-19y",31,32
2023-01-03,"20-29y",136,77
2023-01-03,"30-39y",125,81
2023-01-03,"40-49y",99,63
2023-01-03,"50-59y",58,58
2023-01-03,"60-69y",38,34
2023-01-03,"70-79y",12,17
2023-01-03,"80y+",7,6
2023-01-02,"<1y",14,16
2023-01-02,"1-4y",148,123
2023-01-02,"5-9y",113,92
2023-01-02,"10-14y",66,31
2023-01-02,"15-19y",29,31
2023-01-02,"20-29y",121,70
2023-01-02,"30-39y",119,85
2023-01-02,"40-49y",95,62
2023-01-02,"50-59y",52,53
2023-01-02,"60-69y",34,32
2023-01-02,"70-79y",12,16
2023-01-02,"80y+",7,6
2023-01-01,"<1y",14,16
2023-01-01,"1-4y",148,123
2023-01-01,"5-9y",113,92
2023-01-01,"10-14y",66,31
2023-01-01,"15-19y",29,31
2023-01-01,"20-29y",121,70
2023-01-01,"30-39y",119,85
2023-01-01,"40-49y",95,62
2023-01-01,"50-59y",52,53
2023-01-01,"60-69y",34,32
2023-01-01,"70-79y",12,16
2023-01-01,"80y+",7,6
2022-12-31,"<1y",14,16
2022-12-31,"1-4y",148,123
2022-12-31,"5-9y",113,92
2022-12-31,"10-14y",66,31
2022-12-31,"15-19y",29,31
2022-12-31,"20-29y",121,70
2022-12-31,"30-39y",119,85
2022-12-31,"40-49y",95,62
2022-12-31,"50-59y",52,53
2022-12-31,"60-69y",34,32
2022-12-31,"70-79y",12,16
2022-12-31,"80y+",7,6
2022-12-30,"<1y",14,16
2022-12-30,"1-4y",148,123
2022-12-30,"5-9y",113,92
2022-12-30,"10-14y",66,31
2022-12-30,"15-19y",29,31
2022-12-30,"20-29y",121,70
2022-12-30,"30-39y",119,85
2022-12-30,"40-49y",95,62
2022-12-30,"50-59y",52,53
2022-12-30,"60-69y",34,32
2022-12-30,"70-79y",12,16
2022-12-30,"80y+",7,6
2022-12-29,"<1y",14,16
2022-12-29,"1-4y",148,123
2022-12-29,"5-9y",113,92
2022-12-29,"10-14y",66,31
2022-12-29,"15-19y",29,31
2022-12-29,"20-29y",121,70
2022-12-29,"30-39y",119,85
2022-12-29,"40-49y",95,62
2022-12-29,"50-59y",52,53
2022-12-29,"60-69y",34,32
2022-12-29,"70-79y",12,16
2022-12-29,"80y+",7,6
2022-12-28,"<1y",14,16
2022-12-28,"1-4y",148,123
2022-12-28,"5-9y",113,92
2022-12-28,"10-14y",66,31
2022-12-28,"15-19y",29,31
2022-12-28,"20-29y",121,70
2022-12-28,"30-39y",119,85
2022-12-28,"40-49y",95,62
2022-12-28,"50-59y",52,53
2022-12-28,"60-69y",34,32
2022-12-28,"70-79y",12,16
2022-12-28,"80y+",7,6
2022-12-27,"<1y",14,16
2022-12-27,"1-4y",148,123
2022-12-27,"5-9y",113,92
2022-12-27,"10-14y",66,31
2022-12-27,"15-19y",29,31
2022-12-27,"20-29y",120,69
2022-12-27,"30-39y",119,85
2022-12-27,"40-49y",95,62
2022-12-27,"50-59y",52,53
2022-12-27,"60-69y",34,32
2022-12-27,"70-79y",12,16
2022-12-27,"80y+",7,6
2022-12-26,"<1y",13,14
2022-12-26,"1-4y",141,121
2022-12-26,"5-9y",108,88
2022-12-26,"10-14y",64,28
2022-12-26,"15-19y",28,30
2022-12-26,"20-29y",117,65
2022-12-26,"30-39y",116,83
2022-12-26,"40-49y",93,60
2022-12-26,"50-59y",52,51
2022-12-26,"60-69y",33,30
2022-12-26,"70-79y",12,15
2022-12-26,"80y+",6,6
2022-12-25,"<1y",13,14
2022-12-25,"1-4y",141,121
2022-12-25,"5-9y",108,88
2022-12-25,"10-14y",64,28
2022-12-25,"15-19y",28,30
2022-12-25,"20-29y",117,65
2022-12-25,"30-39y",116,83
2022-12-25,"40-49y",93,60
2022-12-25,"50-59y",52,51
2022-12-25,"60-69y",33,30
2022-12-25,"70-79y",12,15
2022-12-25,"80y+",6,6
2022-12-24,"<1y",13,14
2022-12-24,"1-4y",141,121
2022-12-24,"5-9y",108,88
2022-12-24,"10-14y",64,28
2022-12-24,"15-19y",28,30
2022-12-24,"20-29y",117,65
2022-12-24,"30-39y",116,83
2022-12-24,"40-49y",93,60
2022-12-24,"50-59y",52,51
2022-12-24,"60-69y",33,30
2022-12-24,"70-79y",12,15
2022-12-24,"80y+",6,6
2022-12-23,"<1y",13,14
2022-12-23,"1-4y",141,121
2022-12-23,"5-9y",108,88
2022-12-23,"10-14y",64,28
2022-12-23,"15-19y",28,30
2022-12-23,"20-29y",117,65
2022-12-23,"30-39y",116,83
2022-12-23,"40-49y",93,60
2022-12-23,"50-59y",52,51
2022-12-23,"60-69y",33,30
2022-12-23,"70-79y",12,15
2022-12-23,"80y+",6,6
2022-12-22,"<1y",13,14
2022-12-22,"1-4y",141,121
2022-12-22,"5-9y",108,88
2022-12-22,"10-14y",64,28
2022-12-22,"15-19y",28,30
2022-12-22,"20-29y",117,65
2022-12-22,"30-39y",116,83
2022-12-22,"40-49y",93,60
2022-12-22,"50-59y",52,51
2022-12-22,"60-69y",33,30
2022-12-22,"70-79y",12,15
2022-12-22,"80y+",6,6
2022-12-21,"<1y",13,13
2022-12-21,"1-4y",140,120
2022-12-21,"5-9y",106,88
2022-12-21,"10-14y",63,28
2022-12-21,"15-19y",27,30
2022-12-21,"20-29y",116,65
2022-12-21,"30-39y",116,83
2022-12-21,"40-49y",93,59
2022-12-21,"50-59y",52,50
2022-12-21,"60-69y",32,30
2022-12-21,"70-79y",12,15
2022-12-21,"80y+",6,6
2022-12-20,"<1y",13,11
2022-12-20,"1-4y",137,118
2022-12-20,"5-9y",103,88
2022-12-20,"10-14y",62,28
2022-12-20,"15-19y",27,30
2022-12-20,"20-29y",115,65
2022-12-20,"30-39y",116,82
2022-12-20,"40-49y",91,59
2022-12-20,"50-59y",52,49
2022-12-20,"60-69y",31,30
2022-12-20,"70-79y",12,14
2022-12-20,"80y+",6,6
2022-12-19,"<1y",12,11
2022-12-19,"1-4y",130,115
2022-12-19,"5-9y",100,87
2022-12-19,"10-14y",62,27
2022-12-19,"15-19y",25,29
2022-12-19,"20-29y",109,62
2022-12-19,"30-39y",115,81
2022-12-19,"40-49y",89,57
2022-12-19,"50-59y",51,49
2022-12-19,"60-69y",30,28
2022-12-19,"70-79y",12,14
2022-12-19,"80y+",6,5
2022-12-18,"<1y",12,10
2022-12-18,"1-4y",128,115
2022-12-18,"5-9y",97,85
2022-12-18,"10-14y",62,26
2022-12-18,"15-19y",25,29
2022-12-18,"20-29y",108,61
2022-12-18,"30-39y",113,80
2022-12-18,"40-49y",87,57
2022-12-18,"50-59y",50,49
2022-12-18,"60-69y",29,28
2022-12-18,"70-79y",12,14
2022-12-18,"80y+",6,5
2022-12-17,"<1y",12,10
2022-12-17,"1-4y",128,115
2022-12-17,"5-9y",97,85
2022-12-17,"10-14y",62,26
2022-12-17,"15-19y",25,29
2022-12-17,"20-29y",108,61
2022-12-17,"30-39y",113,80
2022-12-17,"40-49y",87,57
2022-12-17,"50-59y",50,49
2022-12-17,"60-69y",29,28
2022-12-17,"70-79y",12,14
2022-12-17,"80y+",6,5
2022-12-16,"<1y",12,10
2022-12-16,"1-4y",128,115
2022-12-16,"5-9y",97,85
2022-12-16,"10-14y",62,26
2022-12-16,"15-19y",25,29
2022-12-16,"20-29y",108,61
2022-12-16,"30-39y",113,80
2022-12-16,"40-49y",87,57
2022-12-16,"50-59y",50,49
2022-12-16,"60-69y",29,28
2022-12-16,"70-79y",12,14
2022-12-16,"80y+",6,5
2022-12-15,"<1y",12,10
2022-12-15,"1-4y",128,115
2022-12-15,"5-9y",97,85
2022-12-15,"10-14y",62,26
2022-12-15,"15-19y",25,29
2022-12-15,"20-29y",108,61
2022-12-15,"30-39y",113,80
2022-12-15,"40-49y",87,56
2022-12-15,"50-59y",50,49
2022-12-15,"60-69y",29,28
2022-12-15,"70-79y",12,14
2022-12-15,"80y+",6,5
2022-12-14,"<1y",12,10
2022-12-14,"1-4y",127,114
2022-12-14,"5-9y",96,85
2022-12-14,"10-14y",59,26
2022-12-14,"15-19y",25,29
2022-12-14,"20-29y",106,60
2022-12-14,"30-39y",112,79
2022-12-14,"40-49y",87,55
2022-12-14,"50-59y",50,49
2022-12-14,"60-69y",29,27
2022-12-14,"70-79y",12,14
2022-12-14,"80y+",6,5
2022-12-13,"<1y",12,9
2022-12-13,"1-4y",127,113
2022-12-13,"5-9y",95,85
2022-12-13,"10-14y",58,26
2022-12-13,"15-19y",24,29
2022-12-13,"20-29y",104,59
2022-12-13,"30-39y",109,77
2022-12-13,"40-49y",86,55
2022-12-13,"50-59y",50,49
2022-12-13,"60-69y",29,27
2022-12-13,"70-79y",12,13
2022-12-13,"80y+",6,5
2022-12-12,"<1y",12,9
2022-12-12,"1-4y",126,113
2022-12-12,"5-9y",92,80
2022-12-12,"10-14y",56,25
2022-12-12,"15-19y",23,28
2022-12-12,"20-29y",100,55
2022-12-12,"30-39y",106,76
2022-12-12,"40-49y",86,51
2022-12-12,"50-59y",50,49
2022-12-12,"60-69y",29,26
2022-12-12,"70-79y",12,11
2022-12-12,"80y+",6,5
2022-12-11,"<1y",12,9
2022-12-11,"1-4y",124,112
2022-12-11,"5-9y",92,79
2022-12-11,"10-14y",55,25
2022-12-11,"15-19y",23,26
2022-12-11,"20-29y",100,55
2022-12-11,"30-39y",106,75
2022-12-11,"40-49y",86,51
2022-12-11,"50-59y",49,49
2022-12-11,"60-69y",28,26
2022-12-11,"70-79y",11,11
2022-12-11,"80y+",6,5
2022-12-10,"<1y",12,9
2022-12-10,"1-4y",124,112
2022-12-10,"5-9y",92,79
2022-12-10,"10-14y",55,25
2022-12-10,"15-19y",23,26
2022-12-10,"20-29y",100,55
2022-12-10,"30-39y",106,75
2022-12-10,"40-49y",86,51
2022-12-10,"50-59y",49,49
2022-12-10,"60-69y",28,26
2022-12-10,"70-79y",11,11
2022-12-10,"80y+",6,5
2022-12-09,"<1y",12,9
2022-12-09,"1-4y",124,112
2022-12-09,"5-9y",92,79
2022-12-09,"10-14y",55,25
2022-12-09,"15-19y",23,26
2022-12-09,"20-29y",100,55
2022-12-09,"30-39y",106,75
2022-12-09,"40-49y",86,51
2022-12-09,"50-59y",49,49
2022-12-09,"60-69y",28,26
2022-12-09,"70-79y",11,11
2022-12-09,"80y+",6,5
2022-12-08,"<1y",12,9
2022-12-08,"1-4y",122,108
2022-12-08,"5-9y",88,79
2022-12-08,"10-14y",55,24
2022-12-08,"15-19y",22,25
2022-12-08,"20-29y",99,55
2022-12-08,"30-39y",105,73
2022-12-08,"40-49y",85,49
2022-12-08,"50-59y",48,48
2022-12-08,"60-69y",28,25
2022-12-08,"70-79y",11,10
2022-12-08,"80y+",5,4
2022-12-07,"<1y",12,9
2022-12-07,"1-4y",119,111
2022-12-07,"5-9y",87,78
2022-12-07,"10-14y",55,24
2022-12-07,"15-19y",21,23
2022-12-07,"20-29y",99,55
2022-12-07,"30-39y",105,72
2022-12-07,"40-49y",84,49
2022-12-07,"50-59y",47,47
2022-12-07,"60-69y",26,25
2022-12-07,"70-79y",11,10
2022-12-07,"80y+",5,4
2022-12-06,"<1y",11,9
2022-12-06,"1-4y",119,111
2022-12-06,"5-9y",87,78
2022-12-06,"10-14y",55,24
2022-12-06,"15-19y",21,23
2022-12-06,"20-29y",99,55
2022-12-06,"30-39y",105,72
2022-12-06,"40-49y",84,49
2022-12-06,"50-59y",47,47
2022-12-06,"60-69y",26,25
2022-12-06,"70-79y",11,10
2022-12-06,"80y+",5,4
2022-12-05,"<1y",10,9
2022-12-05,"1-4y",118,105
2022-12-05,"5-9y",86,76
2022-12-05,"10-14y",54,24
2022-12-05,"15-19y",21,22
2022-12-05,"20-29y",98,55
2022-12-05,"30-39y",102,71
2022-12-05,"40-49y",81,47
2022-12-05,"50-59y",47,47
2022-12-05,"60-69y",25,25
2022-12-05,"70-79y",11,10
2022-12-05,"80y+",5,4
2022-12-04,"<1y",10,8
2022-12-04,"1-4y",115,102
2022-12-04,"5-9y",83,76
2022-12-04,"10-14y",49,24
2022-12-04,"15-19y",21,22
2022-12-04,"20-29y",95,55
2022-12-04,"30-39y",97,68
2022-12-04,"40-49y",75,44
2022-12-04,"50-59y",44,45
2022-12-04,"60-69y",23,24
2022-12-04,"70-79y",11,10
2022-12-04,"80y+",5,4
2022-12-03,"<1y",10,8
2022-12-03,"1-4y",115,102
2022-12-03,"5-9y",83,76
2022-12-03,"10-14y",49,24
2022-12-03,"15-19y",21,22
2022-12-03,"20-29y",95,55
2022-12-03,"30-39y",97,68
2022-12-03,"40-49y",75,44
2022-12-03,"50-59y",44,45
2022-12-03,"60-69y",23,24
2022-12-03,"70-79y",11,10
2022-12-03,"80y+",5,4
2022-12-02,"<1y",10,8
2022-12-02,"1-4y",115,102
2022-12-02,"5-9y",83,76
2022-12-02,"10-14y",49,24
2022-12-02,"15-19y",21,22
2022-12-02,"20-29y",95,55
2022-12-02,"30-39y",97,68
2022-12-02,"40-49y",75,44
2022-12-02,"50-59y",44,45
2022-12-02,"60-69y",23,24
2022-12-02,"70-79y",11,10
2022-12-02,"80y+",5,4
2022-12-01,"<1y",10,8
2022-12-01,"1-4y",109,100
2022-12-01,"5-9y",80,72
2022-12-01,"10-14y",48,21
2022-12-01,"15-19y",21,22
2022-12-01,"20-29y",94,52
2022-12-01,"30-39y",94,68
2022-12-01,"40-49y",75,43
2022-12-01,"50-59y",44,45
2022-12-01,"60-69y",23,24
2022-12-01,"70-79y",10,10
2022-12-01,"80y+",5,4
2022-11-30,"<1y",10,8
2022-11-30,"1-4y",108,100
2022-11-30,"5-9y",77,69
2022-11-30,"10-14y",48,21
2022-11-30,"15-19y",18,22
2022-11-30,"20-29y",93,49
2022-11-30,"30-39y",93,67
2022-11-30,"40-49y",74,42
2022-11-30,"50-59y",43,43
2022-11-30,"60-69y",23,23
2022-11-30,"70-79y",10,10
2022-11-30,"80y+",5,4
2022-11-29,"<1y",10,8
2022-11-29,"1-4y",104,94
2022-11-29,"5-9y",75,65
2022-11-29,"10-14y",46,21
2022-11-29,"15-19y",17,22
2022-11-29,"20-29y",93,44
2022-11-29,"30-39y",93,66
2022-11-29,"40-49y",72,42
2022-11-29,"50-59y",43,41
2022-11-29,"60-69y",23,23
2022-11-29,"70-79y",10,10
2022-11-29,"80y+",5,4
2022-11-28,"<1y",9,8
2022-11-28,"1-4y",103,88
2022-11-28,"5-9y",71,63
2022-11-28,"10-14y",45,21
2022-11-28,"15-19y",17,21
2022-11-28,"20-29y",92,41
2022-11-28,"30-39y",90,64
2022-11-28,"40-49y",72,41
2022-11-28,"50-59y",42,41
2022-11-28,"60-69y",22,23
2022-11-28,"70-79y",10,10
2022-11-28,"80y+",5,4
2022-11-27,"<1y",8,8
2022-11-27,"1-4y",93,78
2022-11-27,"5-9y",68,57
2022-11-27,"10-14y",43,20
2022-11-27,"15-19y",17,21
2022-11-27,"20-29y",88,41
2022-11-27,"30-39y",86,63
2022-11-27,"40-49y",66,40
2022-11-27,"50-59y",41,41
2022-11-27,"60-69y",22,23
2022-11-27,"70-79y",9,9
2022-11-27,"80y+",5,2
2022-11-26,"<1y",8,8
2022-11-26,"1-4y",93,78
2022-11-26,"5-9y",68,57
2022-11-26,"10-14y",43,20
2022-11-26,"15-19y",17,21
2022-11-26,"20-29y",88,41
2022-11-26,"30-39y",86,63
2022-11-26,"40-49y",66,40
2022-11-26,"50-59y",41,41
2022-11-26,"60-69y",22,23
2022-11-26,"70-79y",9,9
2022-11-26,"80y+",5,2
2022-11-25,"<1y",8,8
2022-11-25,"1-4y",93,78
2022-11-25,"5-9y",68,57
2022-11-25,"10-14y",43,20
2022-11-25,"15-19y",17,21
2022-11-25,"20-29y",88,41
2022-11-25,"30-39y",86,63
2022-11-25,"40-49y",66,40
2022-11-25,"50-59y",41,41
2022-11-25,"60-69y",22,23
2022-11-25,"70-79y",9,9
2022-11-25,"80y+",5,2
2022-11-24,"<1y",8,8
2022-11-24,"1-4y",93,78
2022-11-24,"5-9y",68,57
2022-11-24,"10-14y",43,20
2022-11-24,"15-19y",17,21
2022-11-24,"20-29y",88,41
2022-11-24,"30-39y",86,63
2022-11-24,"40-49y",66,40
2022-11-24,"50-59y",41,41
2022-11-24,"60-69y",22,23
2022-11-24,"70-79y",9,9
2022-11-24,"80y+",5,2
2022-11-23,"<1y",8,8
2022-11-23,"1-4y",93,78
2022-11-23,"5-9y",68,57
2022-11-23,"10-14y",43,20
2022-11-23,"15-19y",17,21
2022-11-23,"20-29y",88,41
2022-11-23,"30-39y",86,63
2022-11-23,"40-49y",66,40
2022-11-23,"50-59y",41,41
2022-11-23,"60-69y",22,23
2022-11-23,"70-79y",9,9
2022-11-23,"80y+",5,2
2022-11-22,"<1y",8,8
2022-11-22,"1-4y",90,77
2022-11-22,"5-9y",66,56
2022-11-22,"10-14y",40,19
2022-11-22,"15-19y",17,20
2022-11-22,"20-29y",86,40
2022-11-22,"30-39y",85,60
2022-11-22,"40-49y",64,40
2022-11-22,"50-59y",39,39
2022-11-22,"60-69y",22,22
2022-11-22,"70-79y",9,9
2022-11-22,"80y+",5,3
2022-11-21,"<1y",7,6
2022-11-21,"1-4y",75,72
2022-11-21,"5-9y",60,52
2022-11-21,"10-14y",39,18
2022-11-21,"15-19y",17,17
2022-11-21,"20-29y",80,34
2022-11-21,"30-39y",81,54
2022-11-21,"40-49y",57,38
2022-11-21,"50-59y",38,36
2022-11-21,"60-69y",19,18
2022-11-21,"70-79y",7,9
2022-11-21,"80y+",5,4
2022-11-20,"<1y",6,5
2022-11-20,"1-4y",71,70
2022-11-20,"5-9y",60,49
2022-11-20,"10-14y",39,18
2022-11-20,"15-19y",17,16
2022-11-20,"20-29y",76,33
2022-11-20,"30-39y",81,52
2022-11-20,"40-49y",55,37
2022-11-20,"50-59y",38,34
2022-11-20,"60-69y",19,16
2022-11-20,"70-79y",7,9
2022-11-20,"80y+",5,3
2022-11-19,"<1y",6,5
2022-11-19,"1-4y",71,70
2022-11-19,"5-9y",60,49
2022-11-19,"10-14y",39,18
2022-11-19,"15-19y",17,16
2022-11-19,"20-29y",76,33
2022-11-19,"30-39y",81,52
2022-11-19,"40-49y",55,37
2022-11-19,"50-59y",38,34
2022-11-19,"60-69y",19,16
2022-11-19,"70-79y",7,9
2022-11-19,"80y+",5,3
2022-11-18,"<1y",6,5
2022-11-18,"1-4y",71,70
2022-11-18,"5-9y",60,49
2022-11-18,"10-14y",39,18
2022-11-18,"15-19y",17,16
2022-11-18,"20-29y",76,33
2022-11-18,"30-39y",81,52
2022-11-18,"40-49y",55,37
2022-11-18,"50-59y",38,34
2022-11-18,"60-69y",19,16
2022-11-18,"70-79y",7,9
2022-11-18,"80y+",5,3
2022-11-17,"<1y",6,5
2022-11-17,"1-4y",69,69
2022-11-17,"5-9y",60,49
2022-11-17,"10-14y",39,18
2022-11-17,"15-19y",17,16
2022-11-17,"20-29y",76,32
2022-11-17,"30-39y",81,52
2022-11-17,"40-49y",54,36
2022-11-17,"50-59y",37,34
2022-11-17,"60-69y",19,15
2022-11-17,"70-79y",7,9
2022-11-17,"80y+",4,3
2022-11-16,"<1y",6,5
2022-11-16,"1-4y",68,69
2022-11-16,"5-9y",60,49
2022-11-16,"10-14y",39,18
2022-11-16,"15-19y",17,16
2022-11-16,"20-29y",76,32
2022-11-16,"30-39y",80,51
2022-11-16,"40-49y",54,36
2022-11-16,"50-59y",37,34
2022-11-16,"60-69y",19,15
2022-11-16,"70-79y",7,9
2022-11-16,"80y+",4,3
2022-11-15,"<1y",6,5
2022-11-15,"1-4y",68,69
2022-11-15,"5-9y",59,49
2022-11-15,"10-14y",39,18
2022-11-15,"15-19y",17,16
2022-11-15,"20-29y",76,32
2022-11-15,"30-39y",80,51
2022-11-15,"40-49y",54,36
2022-11-15,"50-59y",36,34
2022-11-15,"60-69y",19,15
2022-11-15,"70-79y",7,9
2022-11-15,"80y+",4,3
2022-11-14,"<1y",6,5
2022-11-14,"1-4y",65,68
2022-11-14,"5-9y",58,48
2022-11-14,"10-14y",37,18
2022-11-14,"15-19y",17,15
2022-11-14,"20-29y",76,32
2022-11-14,"30-39y",80,50
2022-11-14,"40-49y",54,35
2022-11-14,"50-59y",36,34
2022-11-14,"60-69y",19,15
2022-11-14,"70-79y",7,9
2022-11-14,"80y+",4,3
2022-11-13,"<1y",5,5
2022-11-13,"1-4y",55,59
2022-11-13,"5-9y",48,45
2022-11-13,"10-14y",32,16
2022-11-13,"15-19y",17,14
2022-11-13,"20-29y",66,30
2022-11-13,"30-39y",75,45
2022-11-13,"40-49y",47,31
2022-11-13,"50-59y",29,30
2022-11-13,"60-69y",17,14
2022-11-13,"70-79y",7,7
2022-11-13,"80y+",3,3
2022-11-12,"<1y",5,5
2022-11-12,"1-4y",55,59
2022-11-12,"5-9y",48,45
2022-11-12,"10-14y",32,16
2022-11-12,"15-19y",17,14
2022-11-12,"20-29y",66,30
2022-11-12,"30-39y",75,45
2022-11-12,"40-49y",47,31
2022-11-12,"50-59y",29,30
2022-11-12,"60-69y",17,14
2022-11-12,"70-79y",7,7
2022-11-12,"80y+",3,3
2022-11-11,"<1y",5,5
2022-11-11,"1-4y",55,59
2022-11-11,"5-9y",48,45
2022-11-11,"10-14y",32,16
2022-11-11,"15-19y",17,14
2022-11-11,"20-29y",66,30
2022-11-11,"30-39y",75,45
2022-11-11,"40-49y",47,31
2022-11-11,"50-59y",29,30
2022-11-11,"60-69y",17,14
2022-11-11,"70-79y",7,7
2022-11-11,"80y+",3,3
2022-11-10,"<1y",5,5
2022-11-10,"1-4y",55,59
2022-11-10,"5-9y",48,45
2022-11-10,"10-14y",32,16
2022-11-10,"15-19y",17,14
2022-11-10,"20-29y",66,30
2022-11-10,"30-39y",75,45
2022-11-10,"40-49y",47,31
2022-11-10,"50-59y",29,30
2022-11-10,"60-69y",17,14
2022-11-10,"70-79y",7,7
2022-11-10,"80y+",3,3
2022-11-09,"<1y",5,5
2022-11-09,"1-4y",55,59
2022-11-09,"5-9y",48,45
2022-11-09,"10-14y",32,16
2022-11-09,"15-19y",17,14
2022-11-09,"20-29y",64,30
2022-11-09,"30-39y",75,45
2022-11-09,"40-49y",47,31
2022-11-09,"50-59y",29,30
2022-11-09,"60-69y",17,14
2022-11-09,"70-79y",7,7
2022-11-09,"80y+",3,3
2022-11-08,"<1y",5,4
2022-11-08,"1-4y",54,56
2022-11-08,"5-9y",45,44
2022-11-08,"10-14y",32,14
2022-11-08,"15-19y",17,13
2022-11-08,"20-29y",64,30
2022-11-08,"30-39y",75,44
2022-11-08,"40-49y",47,31
2022-11-08,"50-59y",27,30
2022-11-08,"60-69y",16,13
2022-11-08,"70-79y",6,7
2022-11-08,"80y+",3,3
2022-11-07,"<1y",5,4
2022-11-07,"1-4y",46,51
2022-11-07,"5-9y",44,43
2022-11-07,"10-14y",29,12
2022-11-07,"15-19y",16,11
2022-11-07,"20-29y",62,30
2022-11-07,"30-39y",72,42
2022-11-07,"40-49y",41,28
2022-11-07,"50-59y",27,30
2022-11-07,"60-69y",16,12
2022-11-07,"70-79y",6,6
2022-11-07,"80y+",2,3
2023-05-19,"<1y",30,31
2023-05-19,"1-4y",288,237
2023-05-19,"5-9y",237,184
2023-05-19,"10-14y",118,69
2023-05-19,"15-19y",60,58
2023-05-19,"20-29y",229,155
2023-05-19,"30-39y",193,147
2023-05-19,"40-49y",156,97
2023-05-19,"50-59y",99,96
2023-05-19,"60-69y",73,59
2023-05-19,"70-79y",23,28
2023-05-19,"80y+",14,17
2023-05-18,"<1y",30,30
2023-05-18,"1-4y",275,231
2023-05-18,"5-9y",230,180
2023-05-18,"10-14y",111,67
2023-05-18,"15-19y",59,53
2023-05-18,"20-29y",222,147
2023-05-18,"30-39y",185,140
2023-05-18,"40-49y",145,87
2023-05-18,"50-59y",94,94
2023-05-18,"60-69y",66,58
2023-05-18,"70-79y",22,28
2023-05-18,"80y+",14,14
2023-05-17,"<1y",30,30
2023-05-17,"1-4y",274,231
2023-05-17,"5-9y",230,180
2023-05-17,"10-14y",111,67
2023-05-17,"15-19y",59,53
2023-05-17,"20-29y",222,147
2023-05-17,"30-39y",185,140
2023-05-17,"40-49y",145,87
2023-05-17,"50-59y",94,94
2023-05-17,"60-69y",66,58
2023-05-17,"70-79y",22,28
2023-05-17,"80y+",14,14
2023-05-16,"<1y",30,30
2023-05-16,"1-4y",274,231
2023-05-16,"5-9y",230,180
2023-05-16,"10-14y",111,67
2023-05-16,"15-19y",59,53
2023-05-16,"20-29y",222,147
2023-05-16,"30-39y",185,140
2023-05-16,"40-49y",145,87
2023-05-16,"50-59y",94,94
2023-05-16,"60-69y",66,58
2023-05-16,"70-79y",22,28
2023-05-16,"80y+",14,14
2023-05-15,"<1y",30,31
2023-05-15,"1-4y",279,243
2023-05-15,"5-9y",254,183
2023-05-15,"10-14y",120,71
2023-05-15,"15-19y",59,56
2023-05-15,"20-29y",229,153
2023-05-15,"30-39y",188,145
2023-05-15,"40-49y",152,93
2023-05-15,"50-59y",102,97
2023-05-15,"60-69y",67,60
2023-05-15,"70-79y",23,29
2023-05-15,"80y+",9,14
2023-05-14,"<1y",30,31
2023-05-14,"1-4y",279,243
2023-05-14,"5-9y",254,183
2023-05-14,"10-14y",120,71
2023-05-14,"15-19y",59,56
2023-05-14,"20-29y",229,153
2023-05-14,"30-39y",188,145
2023-05-14,"40-49y",152,93
2023-05-14,"50-59y",102,97
2023-05-14,"60-69y",67,60
2023-05-14,"70-79y",23,29
2023-05-14,"80y+",9,14
2023-05-13,"<1y",30,31
2023-05-13,"1-4y",279,243
2023-05-13,"5-9y",254,183
2023-05-13,"10-14y",120,71
2023-05-13,"15-19y",59,56
2023-05-13,"20-29y",229,153
2023-05-13,"30-39y",188,145
2023-05-13,"40-49y",152,93
2023-05-13,"50-59y",102,97
2023-05-13,"60-69y",67,60
2023-05-13,"70-79y",23,29
2023-05-13,"80y+",9,14
2023-05-12,"<1y",30,31
2023-05-12,"1-4y",279,243
2023-05-12,"5-9y",254,183
2023-05-12,"10-14y",120,71
2023-05-12,"15-19y",59,56
2023-05-12,"20-29y",229,153
2023-05-12,"30-39y",188,145
2023-05-12,"40-49y",152,93
2023-05-12,"50-59y",102,97
2023-05-12,"60-69y",67,60
2023-05-12,"70-79y",23,29
2023-05-12,"80y+",9,14
2023-05-11,"<1y",30,31
2023-05-11,"1-4y",279,243
2023-05-11,"5-9y",254,183
2023-05-11,"10-14y",120,71
2023-05-11,"15-19y",59,56
2023-05-11,"20-29y",229,153
2023-05-11,"30-39y",188,145
2023-05-11,"40-49y",152,93
2023-05-11,"50-59y",102,97
2023-05-11,"60-69y",67,60
2023-05-11,"70-79y",23,29
2023-05-11,"80y+",9,14
2023-05-10,"<1y",30,31
2023-05-10,"1-4y",279,243
2023-05-10,"5-9y",254,183
2023-05-10,"10-14y",120,71
2023-05-10,"15-19y",59,56
2023-05-10,"20-29y",229,153
2023-05-10,"30-39y",188,145
2023-05-10,"40-49y",152,93
2023-05-10,"50-59y",102,97
2023-05-10,"60-69y",67,60
2023-05-10,"70-79y",23,29
2023-05-10,"80y+",9,14
2023-05-09,"<1y",30,31
2023-05-09,"1-4y",279,243
2023-05-09,"5-9y",254,183
2023-05-09,"10-14y",120,71
2023-05-09,"15-19y",59,56
2023-05-09,"20-29y",229,153
2023-05-09,"30-39y",188,145
2023-05-09,"40-49y",152,93
2023-05-09,"50-59y",102,97
2023-05-09,"60-69y",67,60
2023-05-09,"70-79y",23,29
2023-05-09,"80y+",9,14
2023-05-08,"<1y",30,31
2023-05-08,"1-4y",279,243
2023-05-08,"5-9y",254,183
2023-05-08,"10-14y",120,71
2023-05-08,"15-19y",59,56
2023-05-08,"20-29y",229,153
2023-05-08,"30-39y",188,145
2023-05-08,"40-49y",152,93
2023-05-08,"50-59y",102,97
2023-05-08,"60-69y",67,60
2023-05-08,"70-79y",23,29
2023-05-08,"80y+",9,14
2023-05-07,"<1y",30,31
2023-05-07,"1-4y",279,243
2023-05-07,"5-9y",254,183
2023-05-07,"10-14y",120,71
2023-05-07,"15-19y",59,56
2023-05-07,"20-29y",229,153
2023-05-07,"30-39y",188,145
2023-05-07,"40-49y",152,93
2023-05-07,"50-59y",102,97
2023-05-07,"60-69y",67,60
2023-05-07,"70-79y",23,29
2023-05-07,"80y+",9,14
2023-05-06,"<1y",30,31
2023-05-06,"1-4y",279,243
2023-05-06,"5-9y",254,183
2023-05-06,"10-14y",120,71
2023-05-06,"15-19y",59,56
2023-05-06,"20-29y",229,153
2023-05-06,"30-39y",188,145
2023-05-06,"40-49y",152,93
2023-05-06,"50-59y",102,97
2023-05-06,"60-69y",67,60
2023-05-06,"70-79y",23,29
2023-05-06,"80y+",9,14
2023-05-05,"<1y",30,31
2023-05-05,"1-4y",279,243
2023-05-05,"5-9y",254,183
2023-05-05,"10-14y",120,71
2023-05-05,"15-19y",59,56
2023-05-05,"20-29y",229,153
2023-05-05,"30-39y",188,145
2023-05-05,"40-49y",152,93
2023-05-05,"50-59y",102,97
2023-05-05,"60-69y",67,60
2023-05-05,"70-79y",23,29
2023-05-05,"80y+",9,14
2023-05-04,"<1y",30,31
2023-05-04,"1-4y",279,243
2023-05-04,"5-9y",254,183
2023-05-04,"10-14y",120,71
2023-05-04,"15-19y",59,56
2023-05-04,"20-29y",229,153
2023-05-04,"30-39y",188,145
2023-05-04,"40-49y",152,93
2023-05-04,"50-59y",102,97
2023-05-04,"60-69y",67,60
2023-05-04,"70-79y",23,29
2023-05-04,"80y+",9,14
2023-05-03,"<1y",27,28
2023-05-03,"1-4y",275,237
2023-05-03,"5-9y",244,177
2023-05-03,"10-14y",114,69
2023-05-03,"15-19y",58,54
2023-05-03,"20-29y",220,147
2023-05-03,"30-39y",184,139
2023-05-03,"40-49y",146,92
2023-05-03,"50-59y",102,94
2023-05-03,"60-69y",64,59
2023-05-03,"70-79y",23,28
2023-05-03,"80y+",9,13
2023-05-02,"<1y",27,28
2023-05-02,"1-4y",275,237
2023-05-02,"5-9y",244,177
2023-05-02,"10-14y",114,69
2023-05-02,"15-19y",58,54
2023-05-02,"20-29y",220,147
2023-05-02,"30-39y",184,139
2023-05-02,"40-49y",146,92
2023-05-02,"50-59y",102,94
2023-05-02,"60-69y",64,59
2023-05-02,"70-79y",23,28
2023-05-02,"80y+",9,13
2023-05-01,"<1y",27,28
2023-05-01,"1-4y",275,237
2023-05-01,"5-9y",244,177
2023-05-01,"10-14y",114,69
2023-05-01,"15-19y",58,54
2023-05-01,"20-29y",220,147
2023-05-01,"30-39y",184,139
2023-05-01,"40-49y",146,92
2023-05-01,"50-59y",102,94
2023-05-01,"60-69y",64,59
2023-05-01,"70-79y",23,28
2023-05-01,"80y+",9,13
2023-04-30,"<1y",27,28
2023-04-30,"1-4y",275,237
2023-04-30,"5-9y",244,177
2023-04-30,"10-14y",114,69
2023-04-30,"15-19y",58,54
2023-04-30,"20-29y",220,147
2023-04-30,"30-39y",184,139
2023-04-30,"40-49y",146,92
2023-04-30,"50-59y",102,94
2023-04-30,"60-69y",64,59
2023-04-30,"70-79y",23,28
2023-04-30,"80y+",9,13
2023-04-29,"<1y",27,28
2023-04-29,"1-4y",275,237
2023-04-29,"5-9y",244,177
2023-04-29,"10-14y",114,69
2023-04-29,"15-19y",58,54
2023-04-29,"20-29y",220,147
2023-04-29,"30-39y",184,139
2023-04-29,"40-49y",146,92
2023-04-29,"50-59y",102,94
2023-04-29,"60-69y",64,59
2023-04-29,"70-79y",23,28
2023-04-29,"80y+",9,13
2023-04-28,"<1y",27,28
2023-04-28,"1-4y",275,237
2023-04-28,"5-9y",244,177
2023-04-28,"10-14y",114,69
2023-04-28,"15-19y",58,54
2023-04-28,"20-29y",220,147
2023-04-28,"30-39y",184,139
2023-04-28,"40-49y",146,92
2023-04-28,"50-59y",102,94
2023-04-28,"60-69y",64,59
2023-04-28,"70-79y",23,28
2023-04-28,"80y+",9,13
2023-04-27,"<1y",27,28
2023-04-27,"1-4y",275,237
2023-04-27,"5-9y",244,177
2023-04-27,"10-14y",114,69
2023-04-27,"15-19y",58,54
2023-04-27,"20-29y",220,147
2023-04-27,"30-39y",184,139
2023-04-27,"40-49y",146,92
2023-04-27,"50-59y",102,94
2023-04-27,"60-69y",64,59
2023-04-27,"70-79y",23,28
2023-04-27,"80y+",9,13
2023-04-26,"<1y",27,28
2023-04-26,"1-4y",275,237
2023-04-26,"5-9y",244,177
2023-04-26,"10-14y",114,69
2023-04-26,"15-19y",58,54
2023-04-26,"20-29y",220,147
2023-04-26,"30-39y",184,139
2023-04-26,"40-49y",146,92
2023-04-26,"50-59y",102,94
2023-04-26,"60-69y",64,59
2023-04-26,"70-79y",23,28
2023-04-26,"80y+",9,13
2023-04-25,"<1y",27,28
2023-04-25,"1-4y",275,237
2023-04-25,"5-9y",244,177
2023-04-25,"10-14y",114,69
2023-04-25,"15-19y",58,54
2023-04-25,"20-29y",220,147
2023-04-25,"30-39y",184,139
2023-04-25,"40-49y",146,92
2023-04-25,"50-59y",102,94
2023-04-25,"60-69y",64,59
2023-04-25,"70-79y",23,28
2023-04-25,"80y+",9,13
2023-04-24,"<1y",27,28
2023-04-24,"1-4y",275,237
2023-04-24,"5-9y",244,177
2023-04-24,"10-14y",114,69
2023-04-24,"15-19y",58,54
2023-04-24,"20-29y",220,147
2023-04-24,"30-39y",184,139
2023-04-24,"40-49y",146,92
2023-04-24,"50-59y",102,94
2023-04-24,"60-69y",64,59
2023-04-24,"70-79y",23,28
2023-04-24,"80y+",9,13
2023-04-23,"<1y",27,28
2023-04-23,"1-4y",275,237
2023-04-23,"5-9y",244,177
2023-04-23,"10-14y",114,69
2023-04-23,"15-19y",58,54
2023-04-23,"20-29y",220,147
2023-04-23,"30-39y",184,139
2023-04-23,"40-49y",146,92
2023-04-23,"50-59y",102,94
2023-04-23,"60-69y",64,59
2023-04-23,"70-79y",23,28
2023-04-23,"80y+",9,13
2023-04-22,"<1y",27,28
2023-04-22,"1-4y",275,237
2023-04-22,"5-9y",244,177
2023-04-22,"10-14y",114,69
2023-04-22,"15-19y",58,54
2023-04-22,"20-29y",220,147
2023-04-22,"30-39y",184,139
2023-04-22,"40-49y",146,92
2023-04-22,"50-59y",102,94
2023-04-22,"60-69y",64,59
2023-04-22,"70-79y",23,28
2023-04-22,"80y+",9,13
2023-04-21,"<1y",27,28
2023-04-21,"1-4y",275,237
2023-04-21,"5-9y",244,177
2023-04-21,"10-14y",114,69
2023-04-21,"15-19y",58,54
2023-04-21,"20-29y",220,147
2023-04-21,"30-39y",184,139
2023-04-21,"40-49y",146,92
2023-04-21,"50-59y",102,94
2023-04-21,"60-69y",64,59
2023-04-21,"70-79y",23,28
2023-04-21,"80y+",9,13
2023-04-20,"<1y",27,28
2023-04-20,"1-4y",275,237
2023-04-20,"5-9y",244,177
2023-04-20,"10-14y",114,69
2023-04-20,"15-19y",58,54
2023-04-20,"20-29y",220,147
2023-04-20,"30-39y",184,139
2023-04-20,"40-49y",146,92
2023-04-20,"50-59y",102,94
2023-04-20,"60-69y",64,59
2023-04-20,"70-79y",23,28
2023-04-20,"80y+",9,13
2023-04-19,"<1y",27,28
2023-04-19,"1-4y",275,237
2023-04-19,"5-9y",244,177
2023-04-19,"10-14y",114,69
2023-04-19,"15-19y",58,54
2023-04-19,"20-29y",220,147
2023-04-19,"30-39y",184,139
2023-04-19,"40-49y",146,92
2023-04-19,"50-59y",102,94
2023-04-19,"60-69y",64,59
2023-04-19,"70-79y",23,28
2023-04-19,"80y+",9,13
2023-04-18,"<1y",27,28
2023-04-18,"1-4y",275,237
2023-04-18,"5-9y",244,177
2023-04-18,"10-14y",114,69
2023-04-18,"15-19y",58,54
2023-04-18,"20-29y",220,147
2023-04-18,"30-39y",184,139
2023-04-18,"40-49y",146,92
2023-04-18,"50-59y",102,94
2023-04-18,"60-69y",64,59
2023-04-18,"70-79y",23,28
2023-04-18,"80y+",9,13
2023-04-17,"<1y",27,28
2023-04-17,"1-4y",275,237
2023-04-17,"5-9y",244,177
2023-04-17,"10-14y",114,69
2023-04-17,"15-19y",58,54
2023-04-17,"20-29y",220,147
2023-04-17,"30-39y",184,139
2023-04-17,"40-49y",146,92
2023-04-17,"50-59y",102,94
2023-04-17,"60-69y",64,59
2023-04-17,"70-79y",23,28
2023-04-17,"80y+",9,13
2023-04-16,"<1y",27,28
2023-04-16,"1-4y",275,237
2023-04-16,"5-9y",244,177
2023-04-16,"10-14y",114,69
2023-04-16,"15-19y",58,54
2023-04-16,"20-29y",220,147
2023-04-16,"30-39y",184,139
2023-04-16,"40-49y",146,92
2023-04-16,"50-59y",102,94
2023-04-16,"60-69y",64,59
2023-04-16,"70-79y",23,28
2023-04-16,"80y+",9,13
2023-04-15,"<1y",27,28
2023-04-15,"1-4y",275,237
2023-04-15,"5-9y",244,177
2023-04-15,"10-14y",114,69
2023-04-15,"15-19y",58,54
2023-04-15,"20-29y",220,147
2023-04-15,"30-39y",184,139
2023-04-15,"40-49y",146,92
2023-04-15,"50-59y",102,94
2023-04-15,"60-69y",64,59
2023-04-15,"70-79y",23,28
2023-04-15,"80y+",9,13
2023-04-14,"<1y",27,28
2023-04-14,"1-4y",275,237
2023-04-14,"5-9y",244,177
2023-04-14,"10-14y",114,69
2023-04-14,"15-19y",58,54
2023-04-14,"20-29y",220,147
2023-04-14,"30-39y",184,139
2023-04-14,"40-49y",146,92
2023-04-14,"50-59y",102,94
2023-04-14,"60-69y",64,59
2023-04-14,"70-79y",23,28
2023-04-14,"80y+",9,13
2023-04-13,"<1y",27,28
2023-04-13,"1-4y",275,237
2023-04-13,"5-9y",244,177
2023-04-13,"10-14y",114,69
2023-04-13,"15-19y",58,54
2023-04-13,"20-29y",220,147
2023-04-13,"30-39y",184,139
2023-04-13,"40-49y",146,92
2023-04-13,"50-59y",102,94
2023-04-13,"60-69y",64,59
2023-04-13,"70-79y",23,28
2023-04-13,"80y+",9,13
2023-04-12,"<1y",27,28
2023-04-12,"1-4y",275,237
2023-04-12,"5-9y",244,177
2023-04-12,"10-14y",114,69
2023-04-12,"15-19y",58,54
2023-04-12,"20-29y",220,147
2023-04-12,"30-39y",184,139
2023-04-12,"40-49y",146,92
2023-04-12,"50-59y",102,94
2023-04-12,"60-69y",64,59
2023-04-12,"70-79y",23,28
2023-04-12,"80y+",9,13
2023-04-11,"<1y",27,28
2023-04-11,"1-4y",275,237
2023-04-11,"5-9y",244,177
2023-04-11,"10-14y",114,69
2023-04-11,"15-19y",58,54
2023-04-11,"20-29y",220,147
2023-04-11,"30-39y",184,139
2023-04-11,"40-49y",146,92
2023-04-11,"50-59y",102,94
2023-04-11,"60-69y",64,59
2023-04-11,"70-79y",23,28
2023-04-11,"80y+",9,13
2023-04-10,"<1y",27,28
2023-04-10,"1-4y",275,237
2023-04-10,"5-9y",244,177
2023-04-10,"10-14y",114,69
2023-04-10,"15-19y",58,54
2023-04-10,"20-29y",220,147
2023-04-10,"30-39y",184,139
2023-04-10,"40-49y",146,92
2023-04-10,"50-59y",102,94
2023-04-10,"60-69y",64,59
2023-04-10,"70-79y",23,28
2023-04-10,"80y+",9,13
2023-04-09,"<1y",27,28
2023-04-09,"1-4y",275,237
2023-04-09,"5-9y",244,177
2023-04-09,"10-14y",114,69
2023-04-09,"15-19y",58,54
2023-04-09,"20-29y",220,147
2023-04-09,"30-39y",184,139
2023-04-09,"40-49y",146,92
2023-04-09,"50-59y",102,94
2023-04-09,"60-69y",64,59
2023-04-09,"70-79y",23,28
2023-04-09,"80y+",9,13
2023-04-08,"<1y",27,28
2023-04-08,"1-4y",275,237
2023-04-08,"5-9y",244,177
2023-04-08,"10-14y",114,69
2023-04-08,"15-19y",58,54
2023-04-08,"20-29y",220,147
2023-04-08,"30-39y",184,139
2023-04-08,"40-49y",146,92
2023-04-08,"50-59y",102,94
2023-04-08,"60-69y",64,59
2023-04-08,"70-79y",23,28
2023-04-08,"80y+",9,13
2023-04-07,"<1y",27,28
2023-04-07,"1-4y",275,237
2023-04-07,"5-9y",244,177
2023-04-07,"10-14y",114,69
2023-04-07,"15-19y",58,54
2023-04-07,"20-29y",220,147
2023-04-07,"30-39y",184,139
2023-04-07,"40-49y",146,92
2023-04-07,"50-59y",102,94
2023-04-07,"60-69y",64,59
2023-04-07,"70-79y",23,28
2023-04-07,"80y+",9,13
2023-04-06,"<1y",27,28
2023-04-06,"1-4y",275,237
2023-04-06,"5-9y",244,177
2023-04-06,"10-14y",114,69
2023-04-06,"15-19y",58,54
2023-04-06,"20-29y",220,147
2023-04-06,"30-39y",184,139
2023-04-06,"40-49y",146,92
2023-04-06,"50-59y",102,94
2023-04-06,"60-69y",64,59
2023-04-06,"70-79y",23,28
2023-04-06,"80y+",9,13
2023-04-05,"<1y",27,28
2023-04-05,"1-4y",275,237
2023-04-05,"5-9y",244,177
2023-04-05,"10-14y",114,69
2023-04-05,"15-19y",58,54
2023-04-05,"20-29y",220,147
2023-04-05,"30-39y",184,139
2023-04-05,"40-49y",146,92
2023-04-05,"50-59y",102,94
2023-04-05,"60-69y",64,59
2023-04-05,"70-79y",23,28
2023-04-05,"80y+",9,13
2023-04-04,"<1y",27,28
2023-04-04,"1-4y",275,237
2023-04-04,"5-9y",244,177
2023-04-04,"10-14y",114,69
2023-04-04,"15-19y",58,54
2023-04-04,"20-29y",220,147
2023-04-04,"30-39y",184,139
2023-04-04,"40-49y",146,92
2023-04-04,"50-59y",102,94
2023-04-04,"60-69y",64,59
2023-04-04,"70-79y",23,28
2023-04-04,"80y+",9,13
2023-04-03,"<1y",27,28
2023-04-03,"1-4y",275,237
2023-04-03,"5-9y",244,177
2023-04-03,"10-14y",114,69
2023-04-03,"15-19y",58,54
2023-04-03,"20-29y",220,147
2023-04-03,"30-39y",184,139
2023-04-03,"40-49y",146,92
2023-04-03,"50-59y",102,94
2023-04-03,"60-69y",63,59
2023-04-03,"70-79y",23,28
2023-04-03,"80y+",9,13
2023-04-02,"<1y",27,28
2023-04-02,"1-4y",275,235
2023-04-02,"5-9y",243,174
2023-04-02,"10-14y",114,68
2023-04-02,"15-19y",58,54
2023-04-02,"20-29y",219,147
2023-04-02,"30-39y",184,139
2023-04-02,"40-49y",146,92
2023-04-02,"50-59y",102,94
2023-04-02,"60-69y",63,59
2023-04-02,"70-79y",23,28
2023-04-02,"80y+",9,13
2023-04-01,"<1y",27,28
2023-04-01,"1-4y",275,235
2023-04-01,"5-9y",243,174
2023-04-01,"10-14y",114,68
2023-04-01,"15-19y",58,54
2023-04-01,"20-29y",219,147
2023-04-01,"30-39y",184,139
2023-04-01,"40-49y",146,92
2023-04-01,"50-59y",102,94
2023-04-01,"60-69y",63,59
2023-04-01,"70-79y",23,28
2023-04-01,"80y+",9,13
2023-03-31,"<1y",27,28
2023-03-31,"1-4y",273,234
2023-03-31,"5-9y",239,173
2023-03-31,"10-14y",112,67
2023-03-31,"15-19y",55,53
2023-03-31,"20-29y",216,146
2023-03-31,"30-39y",180,138
2023-03-31,"40-49y",143,90
2023-03-31,"50-59y",99,93
2023-03-31,"60-69y",63,56
2023-03-31,"70-79y",22,28
2023-03-31,"80y+",9,13
2023-03-30,"<1y",27,28
2023-03-30,"1-4y",273,234
2023-03-30,"5-9y",239,173
2023-03-30,"10-14y",112,67
2023-03-30,"15-19y",55,53
2023-03-30,"20-29y",216,146
2023-03-30,"30-39y",180,138
2023-03-30,"40-49y",143,90
2023-03-30,"50-59y",99,93
2023-03-30,"60-69y",63,56
2023-03-30,"70-79y",22,28
2023-03-30,"80y+",9,13
2023-03-29,"<1y",27,28
2023-03-29,"1-4y",273,234
2023-03-29,"5-9y",239,173
2023-03-29,"10-14y",112,67
2023-03-29,"15-19y",55,53
2023-03-29,"20-29y",216,146
2023-03-29,"30-39y",180,138
2023-03-29,"40-49y",143,90
2023-03-29,"50-59y",99,93
2023-03-29,"60-69y",63,56
2023-03-29,"70-79y",22,28
2023-03-29,"80y+",9,13
2023-03-28,"<1y",27,28
2023-03-28,"1-4y",273,234
2023-03-28,"5-9y",239,173
2023-03-28,"10-14y",112,67
2023-03-28,"15-19y",55,53
2023-03-28,"20-29y",216,146
2023-03-28,"30-39y",180,138
2023-03-28,"40-49y",143,90
2023-03-28,"50-59y",99,93
2023-03-28,"60-69y",63,56
2023-03-28,"70-79y",22,28
2023-03-28,"80y+",9,13
2023-03-27,"<1y",27,28
2023-03-27,"1-4y",273,234
2023-03-27,"5-9y",239,173
2023-03-27,"10-14y",112,67
2023-03-27,"15-19y",55,53
2023-03-27,"20-29y",216,146
2023-03-27,"30-39y",180,138
2023-03-27,"40-49y",143,90
2023-03-27,"50-59y",99,93
2023-03-27,"60-69y",63,56
2023-03-27,"70-79y",22,28
2023-03-27,"80y+",9,13
2023-03-26,"<1y",27,28
2023-03-26,"1-4y",273,233
2023-03-26,"5-9y",237,173
2023-03-26,"10-14y",112,67
2023-03-26,"15-19y",55,53
2023-03-26,"20-29y",216,145
2023-03-26,"30-39y",180,137
2023-03-26,"40-49y",143,90
2023-03-26,"50-59y",98,93
2023-03-26,"60-69y",63,56
2023-03-26,"70-79y",22,28
2023-03-26,"80y+",9,13
2023-03-25,"<1y",27,28
2023-03-25,"1-4y",273,233
2023-03-25,"5-9y",237,173
2023-03-25,"10-14y",112,67
2023-03-25,"15-19y",55,53
2023-03-25,"20-29y",216,145
2023-03-25,"30-39y",180,137
2023-03-25,"40-49y",143,90
2023-03-25,"50-59y",98,93
2023-03-25,"60-69y",63,56
2023-03-25,"70-79y",22,28
2023-03-25,"80y+",9,13
2023-03-24,"<1y",27,28
2023-03-24,"1-4y",273,233
2023-03-24,"5-9y",237,173
2023-03-24,"10-14y",112,67
2023-03-24,"15-19y",55,53
2023-03-24,"20-29y",216,145
2023-03-24,"30-39y",180,137
2023-03-24,"40-49y",143,90
2023-03-24,"50-59y",98,93
2023-03-24,"60-69y",63,56
2023-03-24,"70-79y",22,28
2023-03-24,"80y+",9,13
2023-03-23,"<1y",27,28
2023-03-23,"1-4y",273,233
2023-03-23,"5-9y",237,173
2023-03-23,"10-14y",112,67
2023-03-23,"15-19y",55,53
2023-03-23,"20-29y",216,145
2023-03-23,"30-39y",180,137
2023-03-23,"40-49y",143,90
2023-03-23,"50-59y",98,93
2023-03-23,"60-69y",63,56
2023-03-23,"70-79y",22,28
2023-03-23,"80y+",9,13
2023-03-22,"<1y",27,28
2023-03-22,"1-4y",273,233
2023-03-22,"5-9y",237,173
2023-03-22,"10-14y",112,67
2023-03-22,"15-19y",55,53
2023-03-22,"20-29y",216,145
2023-03-22,"30-39y",180,137
2023-03-22,"40-49y",143,90
2023-03-22,"50-59y",98,93
2023-03-22,"60-69y",63,56
2023-03-22,"70-79y",22,28
2023-03-22,"80y+",9,13
2023-03-21,"<1y",27,28
2023-03-21,"1-4y",273,233
2023-03-21,"5-9y",237,173
2023-03-21,"10-14y",112,67
2023-03-21,"15-19y",55,53
2023-03-21,"20-29y",216,145
2023-03-21,"30-39y",180,137
2023-03-21,"40-49y",143,90
2023-03-21,"50-59y",98,93
2023-03-21,"60-69y",63,56
2023-03-21,"70-79y",22,28
2023-03-21,"80y+",9,13
2023-03-20,"<1y",27,28
2023-03-20,"1-4y",273,233
2023-03-20,"5-9y",237,173
2023-03-20,"10-14y",112,67
2023-03-20,"15-19y",55,53
2023-03-20,"20-29y",216,145
2023-03-20,"30-39y",180,137
2023-03-20,"40-49y",143,90
2023-03-20,"50-59y",98,93
2023-03-20,"60-69y",63,56
2023-03-20,"70-79y",22,28
2023-03-20,"80y+",9,13
2023-03-19,"<1y",27,28
2023-03-19,"1-4y",273,229
2023-03-19,"5-9y",236,172
2023-03-19,"10-14y",112,64
2023-03-19,"15-19y",55,53
2023-03-19,"20-29y",214,143
2023-03-19,"30-39y",178,132
2023-03-19,"40-49y",141,90
2023-03-19,"50-59y",98,93
2023-03-19,"60-69y",62,56
2023-03-19,"70-79y",22,28
2023-03-19,"80y+",9,12
2023-03-18,"<1y",27,28
2023-03-18,"1-4y",273,229
2023-03-18,"5-9y",236,172
2023-03-18,"10-14y",112,64
2023-03-18,"15-19y",55,53
2023-03-18,"20-29y",214,143
2023-03-18,"30-39y",178,132
2023-03-18,"40-49y",141,90
2023-03-18,"50-59y",98,93
2023-03-18,"60-69y",62,56
2023-03-18,"70-79y",22,28
2023-03-18,"80y+",9,12
2023-03-17,"<1y",27,28
2023-03-17,"1-4y",273,229
2023-03-17,"5-9y",236,172
2023-03-17,"10-14y",112,64
2023-03-17,"15-19y",55,53
2023-03-17,"20-29y",214,143
2023-03-17,"30-39y",178,132
2023-03-17,"40-49y",141,90
2023-03-17,"50-59y",98,93
2023-03-17,"60-69y",62,56
2023-03-17,"70-79y",22,28
2023-03-17,"80y+",9,12
2023-03-16,"<1y",26,28
2023-03-16,"1-4y",271,228
2023-03-16,"5-9y",236,171
2023-03-16,"10-14y",112,64
2023-03-16,"15-19y",55,53
2023-03-16,"20-29y",214,142
2023-03-16,"30-39y",177,131
2023-03-16,"40-49y",141,90
2023-03-16,"50-59y",96,93
2023-03-16,"60-69y",62,56
2023-03-16,"70-79y",22,27
2023-03-16,"80y+",9,12
2023-03-15,"<1y",26,28
2023-03-15,"1-4y",270,226
2023-03-15,"5-9y",235,171
2023-03-15,"10-14y",112,64
2023-03-15,"15-19y",55,53
2023-03-15,"20-29y",213,142
2023-03-15,"30-39y",177,130
2023-03-15,"40-49y",140,90
2023-03-15,"50-59y",96,93
2023-03-15,"60-69y",62,55
2023-03-15,"70-79y",21,27
2023-03-15,"80y+",9,12
2023-03-14,"<1y",26,28
2023-03-14,"1-4y",270,226
2023-03-14,"5-9y",235,171
2023-03-14,"10-14y",112,64
2023-03-14,"15-19y",55,53
2023-03-14,"20-29y",213,142
2023-03-14,"30-39y",177,130
2023-03-14,"40-49y",140,90
2023-03-14,"50-59y",96,93
2023-03-14,"60-69y",62,55
2023-03-14,"70-79y",21,27
2023-03-14,"80y+",9,12
2023-03-13,"<1y",25,28
2023-03-13,"1-4y",265,225
2023-03-13,"5-9y",233,168
2023-03-13,"10-14y",111,63
2023-03-13,"15-19y",55,53
2023-03-13,"20-29y",209,140
2023-03-13,"30-39y",176,128
2023-03-13,"40-49y",139,88
2023-03-13,"50-59y",94,91
2023-03-13,"60-69y",61,54
2023-03-13,"70-79y",21,26
2023-03-13,"80y+",9,11
2023-03-12,"<1y",25,28
2023-03-12,"1-4y",265,225
2023-03-12,"5-9y",233,168
2023-03-12,"10-14y",111,63
2023-03-12,"15-19y",55,53
2023-03-12,"20-29y",209,140
2023-03-12,"30-39y",176,128
2023-03-12,"40-49y",139,88
2023-03-12,"50-59y",94,91
2023-03-12,"60-69y",61,54
2023-03-12,"70-79y",21,26
2023-03-12,"80y+",9,11
2023-03-11,"<1y",25,28
2023-03-11,"1-4y",265,225
2023-03-11,"5-9y",233,168
2023-03-11,"10-14y",111,63
2023-03-11,"15-19y",55,53
2023-03-11,"20-29y",209,140
2023-03-11,"30-39y",176,128
2023-03-11,"40-49y",139,88
2023-03-11,"50-59y",94,91
2023-03-11,"60-69y",61,54
2023-03-11,"70-79y",21,26
2023-03-11,"80y+",9,11
2023-03-10,"<1y",25,28
2023-03-10,"1-4y",265,225
2023-03-10,"5-9y",233,168
2023-03-10,"10-14y",111,63
2023-03-10,"15-19y",55,53
2023-03-10,"20-29y",209,140
2023-03-10,"30-39y",176,128
2023-03-10,"40-49y",139,88
2023-03-10,"50-59y",94,91
2023-03-10,"60-69y",61,54
2023-03-10,"70-79y",21,26
2023-03-10,"80y+",9,11
2023-03-09,"<1y",25,28
2023-03-09,"1-4y",265,225
2023-03-09,"5-9y",233,168
2023-03-09,"10-14y",111,63
2023-03-09,"15-19y",55,53
2023-03-09,"20-29y",209,140
2023-03-09,"30-39y",176,128
2023-03-09,"40-49y",139,88
2023-03-09,"50-59y",94,91
2023-03-09,"60-69y",61,54
2023-03-09,"70-79y",21,26
2023-03-09,"80y+",9,11
2023-03-08,"<1y",25,28
2023-03-08,"1-4y",265,225
2023-03-08,"5-9y",299,168
2023-03-08,"10-14y",111,63
2023-03-08,"15-19y",55,53
2023-03-08,"20-29y",209,140
2023-03-08,"30-39y",176,128
2023-03-08,"40-49y",139,88
2023-03-08,"50-59y",94,91
2023-03-08,"60-69y",61,54
2023-03-08,"70-79y",21,26
2023-03-08,"80y+",9,11
2023-03-07,"<1y",25,28
2023-03-07,"1-4y",265,225
2023-03-07,"5-9y",233,168
2023-03-07,"10-14y",111,63
2023-03-07,"15-19y",55,53
2023-03-07,"20-29y",209,140
2023-03-07,"30-39y",176,128
2023-03-07,"40-49y",139,88
2023-03-07,"50-59y",94,91
2023-03-07,"60-69y",61,54
2023-03-07,"70-79y",21,26
2023-03-07,"80y+",9,11
2023-03-06,"<1y",25,28
2023-03-06,"1-4y",262,225
2023-03-06,"5-9y",232,168
2023-03-06,"10-14y",110,63
2023-03-06,"15-19y",54,53
2023-03-06,"20-29y",204,139
2023-03-06,"30-39y",175,126
2023-03-06,"40-49y",137,88
2023-03-06,"50-59y",94,89
2023-03-06,"60-69y",61,53
2023-03-06,"70-79y",21,26
2023-03-06,"80y+",9,11
